index,category,f1_PC1,f1_PC2,f2_PC1,f2_PC2,f3_PC1,f3_PC2,f4_PC1,f4_PC2,f5_PC1,f5_PC2,f6_PC1,f6_PC2,f7_PC1,f7_PC2,f8_PC1,f8_PC2,f9_PC1,f9_PC2,f10_PC1,f10_PC2,f11_PC1,f11_PC2,f12_PC1,f12_PC2,f13_PC1,f13_PC2,m1_PC1,m1_PC2,m2_PC1,m2_PC2,m3_PC1,m3_PC2,m4_PC1,m4_PC2,m5_PC1,m5_PC2,m6_PC1,m6_PC2,m7_PC1,m7_PC2,m8_PC1,m8_PC2,m9_PC1,m9_PC2,m10_PC1,m10_PC2,m11_PC1,m11_PC2,m12_PC1,m12_PC2,m13_PC1,m13_PC2
0,"Non-estrus, Day",1.8605315844517782,-0.18078916502614997,1.5328205066175389,0.2336833778268963,-0.7635379219291475,0.19697818766329092,1.426797698352422,-0.10417567265344815,0.6188380269546314,-0.0895900676406336,0.2877926959062065,-0.10498683534030345,1.6859986500756283,-0.21160426447710082,0.4375858760646645,-0.17187428063421065,0.28099180274697794,0.24090320520210481,1.7864199874488635,-0.31415160318448027,0.14425984225900626,0.31715325785487947,-0.5397293275047539,-0.09213189532300746,0.5573110604929673,-0.03702541288943513,-0.16391352228466768,-0.12733530349629232,-0.7436858626263608,-0.014330313698484068,-0.6075786686920156,-0.10353494700709509,0.06451278093646835,-0.08533930570183564,1.9998773640634497,0.060453756020962715,0.46641515033534875,-0.04497288155041528,0.2828194374679293,0.049239442314551504,1.2892227314076288,-0.13019791103833434,0.7957021699905908,0.44606261971780153,-0.012009806610470936,0.10500998001783154,0.6143570432063078,-0.21315314041829278,0.4809088260145039,0.327104511137461,1.2009464919524282,0.09978490734209497
1,"Non-estrus, Day",2.0142438394695685,0.07238256046957844,1.6386945002003022,0.1857966015258345,-0.2087501230257721,0.22480290249200757,2.060486709387957,-0.19126228825092673,1.7802746438980963,-0.3524914559088297,1.9035913873469346,-0.06348808189652479,2.585200155873307,0.14655105391500473,2.031667848844347,-0.21905374390495186,2.122876415723887,-0.25153078503206333,2.705022175194946,-0.7842188763752149,2.1414351865061314,-0.36600915602281303,1.3494974357860055,0.11734130304127516,1.9073017447853413,-0.5765960650542095,1.7387792788163683,0.12603744816939183,1.8131659089384164,0.39534248543291456,2.124796050309576,-0.016100799823705336,2.4666233379763507,0.009613085319136981,1.5483308445013286,-0.21493113992365506,2.039781900151942,0.0030291782076857735,1.8145573621840612,-0.5313295811233048,2.058292369702972,-0.4159538578534715,1.9861395894023617,-0.02936296705690787,1.9358934301511141,-0.01999919672073455,2.165263196387694,0.05960076464677502,2.53609600480842,-0.20757960390162528,2.416031545570522,0.1055353692143558
2,"Non-estrus, Day",1.4835629456405803,0.23075219280243572,1.817788995190711,0.07637849198691901,1.7412482451143843,-0.4140360957919866,2.124206805118708,-0.03497414295259233,2.6508728231570577,0.22638573015912591,1.6874405881715357,0.15854156660177582,2.1819734831088073,0.22662674612262168,1.8840372457916683,0.03072654314938297,2.0301978561146514,-0.20676992473623118,2.6655767983252545,-0.6547447483977912,1.8551593124296875,0.04627627609622504,0.9955148993942609,0.030027107871188258,2.018273706506621,-0.5394676721885181,2.0835276326980723,-0.07522141275646232,1.7165892850685622,0.03560623970392757,1.4855319687636244,-0.43496229320070906,2.544892446308481,0.0929501650005858,1.792631190252197,-0.20155714786391174,2.131777771770589,0.03655189861014349,1.6427860321648737,-0.027055651236164557,2.11663657185091,-0.3044091855594607,2.4580110688109635,0.6544370122264712,1.8553223609268803,0.0620315468155063,0.9922234027556807,0.5483333523411468,2.570459127059899,-0.4628708324661605,2.228173305165881,0.22045938962364198
3,"Non-estrus, Day",1.6710513060329788,-0.0472242565133155,2.2106632341632206,-0.04692254696212432,1.8271133873803078,-0.0824997839850154,1.862443700783397,0.025114740439386378,2.5002942423356274,0.22606012194698183,1.4051377061466406,0.11486225367147337,2.236387316321684,0.11148860211577173,1.7838419119137914,0.06129880293139739,1.668445790119006,0.10340406213734077,1.7203033299534416,-0.1808174588327729,0.5707178036112154,-0.6860528376788572,1.0148098258762888,0.26485823025407673,1.1567272075403823,-1.000840070937357,1.9066660093563244,-0.07979920618320367,1.4754272117418727,0.21070965707532835,1.4360141409898917,-0.3021274910235942,2.500082264730513,-0.19427797945309408,2.4626553453541646,0.29735335396895424,2.3525902149969915,0.30748418573613145,2.2596321830655137,-0.7491434507188659,1.7311237128225498,0.22924677198227858,1.8826152878629765,0.23909911929579777,0.791890341666646,0.33237385654997964,1.0428834231798376,0.06325779908396192,2.5582731522794537,-0.5845899651182077,2.1058576354211174,-0.017844139497514573
4,"Non-estrus, Day",0.8661656788837786,0.40606792074510195,1.92435228339205,0.05809450768284156,0.6360724819323671,0.15919705562155784,1.8561823605048495,0.023125771679343134,2.280636243462527,0.15604923692263917,1.8476691329692483,-0.07928778925830593,1.8459404065327327,0.3295272928163057,2.1031168023939837,-0.11389127011487463,2.04876616205572,-0.36576371060963697,1.2660701599228708,-0.13106128653260582,0.4918489968673907,-0.984595011150821,0.3197267340070178,0.17625919538423385,0.5756648513760646,-0.5745342650717846,1.5750966496625174,0.08030297949581398,1.261774777201067,-0.03601592604149408,0.17191545520058965,-0.41970196409038263,2.660146841704767,-0.1963884856570172,2.0721419874196436,0.08072846530250709,0.15500579146214585,-0.48991310448919945,2.046524872033708,-0.5129033135494597,1.5376603424671074,0.08836883743596623,2.191449631068766,-0.07895993223289213,0.7709968382802705,0.43233305183693044,2.169727414806718,-0.08103006813956476,2.079644681736329,-0.4595690322800582,1.4378006309482136,0.48948745424488477
5,"Non-estrus, Day",-0.8743677645663421,0.19608033629164606,1.7245829417164324,0.11851107845548714,-0.5813814213034605,-0.2572449670938787,1.6987867913714627,-0.02176401413344273,1.6233779457213393,-0.04105933220262084,1.7480450530964908,-0.025812676570373054,2.230146540167681,-0.051627367914426,1.8535027412397111,-0.04680256537409777,0.11196728412677186,0.39472220153545673,-0.3019802077933631,0.24900099591420588,0.024667249098365533,1.5240651156906768,0.9604830018789199,0.27657709396271696,1.8004692975517882,-0.3516161439366686,0.29848589597645026,0.6020703580763871,1.4600520832090673,0.07872316847710495,1.1101900357532046,-0.3734476304430293,2.151132089163266,-0.04741162467872855,2.701805597267428,0.06262669583784808,0.19127369707560177,-0.22407327020928627,2.073506392319207,-0.04062252027176819,1.529977874263893,0.11236063758560777,1.0585155640074018,0.11895769922007693,2.133790231266956,-0.15829263009614541,1.4483342036581568,0.39802124692377033,1.9461224387168297,-0.35576943324442023,-0.6127530414815112,0.14806883756769643
6,"Non-estrus, Day",1.5477896022120736,0.032773781896412564,1.3181205308828798,0.314253158530414,-1.6507119632770986,0.06487296379522448,1.8073027732791807,-0.008664329472310698,1.2675270698192915,-0.07216991246523995,2.055609748917826,-0.23520058869915741,1.7481229233683453,0.02729667823748178,1.7128495063435056,-0.036255770101054026,-0.7313735200740024,0.5239561812462354,1.4350373144544766,-0.5505432267552955,0.8021285243980214,0.535352522496095,0.9455404692491823,0.43456063613318613,1.4213113950774285,-0.15550362353609307,1.5921493032793075,0.14108922070641386,1.4260364641731458,-0.007183080221190092,1.7281237585673663,-0.1406799941195573,1.5104559091284968,0.12701092063514938,-1.0167942793876192,-0.36257490294213374,0.5512501904384487,-0.483681743674004,2.5753294310489525,-0.6065056929210294,2.1515511365380497,0.19208864900781375,2.5804951004101793,-0.02485041374252611,1.850613276143894,0.0034880780780386328,1.2147407431112647,-0.1059202577493544,2.0822987613903026,-0.4861237947251793,0.23903178605545936,0.3524795662597525
7,"Non-estrus, Day",1.579240883941002,0.15365935020681923,0.11521497702601116,0.24336615117223737,-1.7708946884188166,-0.144081696558805,1.314839366115528,-0.17500337739016936,-0.8787340834149422,-0.47658712920071916,2.360308269360642,-0.4373131884572458,-0.3234306327173381,0.18557672337734546,1.5580289107605803,-0.026595251783647144,1.3713547958085066,-0.06770079726017994,1.761470675312489,-0.5550259450649933,-0.3598960016751453,-0.4787586033134582,0.7554610481831582,-0.06621758462517344,0.8260847497664378,0.24502929720550873,1.9445773335711771,-0.09887407186331451,1.4725006811959573,-0.023158686803098915,1.3299172927902734,-0.1946420265839197,-0.7384437786352722,0.19164015383505426,-1.3231046251476462,0.4524487277658817,1.674836259180888,0.23548903291320908,2.3184475898901113,-0.7044966571258383,2.2763726462200005,0.20589646087049296,2.8722277083364838,-0.11696033356144671,1.6323128554363877,0.17191629312517567,1.9719175164863538,-0.09807845163444265,0.14771942418048184,0.1679304990971928,0.36054425310082433,0.411952015499157
8,"Non-estrus, Day",1.6009047044490363,-0.058425532850374315,-1.4179244154015092,0.12761049954150364,0.831538559118468,-0.18416186929497524,-1.3079003307791823,0.31823988654392665,0.48436758906835176,-0.0719540158621378,1.8773757925092398,-0.1657253447643551,0.48875500739152317,0.24794321761789542,1.487235174438741,-0.29558362224625934,-1.0201863373216227,0.59114963916938,1.4359221061161538,0.019406454186417958,0.7372308759774703,-0.20028113900104066,1.0159070402647143,0.003548115530916345,-1.113208227970369,-0.5230853308217494,0.8013842405047997,0.10969826978804789,1.1301784118673854,0.3222124435695629,-0.588389456628181,0.07815447836773345,-0.14353931521019553,-0.22704965260347237,-1.1144634257881558,0.07128737090229102,1.6346457931542129,-0.04349080433616672,1.8906752450596942,-0.40865768334394265,-0.02371357980414505,-0.1306926444444007,2.321051746061394,-0.442869638626983,0.8823233203606217,-0.05291333317013748,2.4576699192152174,-0.3016889407814893,-0.33825280365255866,0.15903602554935195,-1.7200169373702527,0.1018915505669386
9,"Non-estrus, Day",-1.1769990331290725,0.291838162500956,0.7372496018280039,-0.022168909232344037,-0.9155673619975324,0.3107396896022837,0.4137616946841557,0.07888338501399864,2.344031308882114,0.2694276500852397,2.144864605395896,-0.3429738205443856,0.6114172815182709,0.18203833950962053,-1.3843941068735612,0.12956072722635562,0.27094670431955636,0.07934473497255744,0.516801251212788,-0.04265560153363198,-0.07129544255859466,0.013405942304501239,0.9968892277095119,0.28244606633784985,0.7362793614420646,0.3348346855298817,-1.1035887978756274,0.30526269614057894,0.728029400228973,0.19690849458036203,-0.06424844007270722,-0.40710528346616165,-0.9754662888996138,0.365967984757025,-1.2507767951090127,-0.41059649083321204,0.7859710720802524,-0.3149231853253282,-0.23338072228364834,0.41233381387471374,1.1390936593090728,0.33743331108508595,0.3721735234394454,0.5263445601037665,-0.6120606087808952,0.3929378818437443,1.3451579651461378,-0.12570723500123035,1.2126151938333496,0.43810235663721553,-0.02041972896269756,0.38232335166290354
10,"Non-estrus, Day",-0.6785953168773053,-0.38053423649572177,-0.564875534924807,0.4435013672217924,-1.6362731781173234,0.09995638505088615,-1.3364356893335092,0.26549442271807794,1.6201440437472634,0.08142245863148857,0.9659707385056243,-0.2598974674440113,-0.19513519617072617,0.33099840633926714,0.1885755808943839,-0.03831317560300288,-0.6375942348507734,0.6730930105978943,-0.9732031278369906,0.5539112801100573,-0.19207219363892578,0.05079401526843026,0.06237296469865502,0.18557376729749828,-1.0746981333713046,-0.5216582511501696,0.31153456994604833,0.2970565768182816,-0.9054895279994905,0.09359291469207877,-0.16215525119941207,-0.12451251241195935,-0.7497254836919194,-0.023205067085866612,-0.3740426368892373,0.2410210026820563,-0.40129503396558003,-0.34712852104176595,0.44565254486299427,0.14308203830843785,-1.4655149007966448,-0.04936142998302379,-0.7585704078164361,0.6479054008352039,1.174818498084864,-0.31524190844616484,0.38057143500554313,-0.3832718052464589,-0.9933739687362358,0.19519079014422944,-1.3368952231633648,-0.15291996179626924
11,"Non-estrus, Day",-1.2120153164990386,0.05356213690035706,-0.34348942360017,0.15920356806230548,-0.794936417817184,-0.006295651450158928,-0.30925523390771836,0.06792837617276584,-0.09828404793058246,-0.3925717389356008,-1.2444872236277484,-0.009153927101740032,0.14133630811458003,-0.15652100670493704,-0.8083584894152576,-0.0432524533833124,-0.3607010290110533,0.1329852203352696,-0.5421172360043767,0.43531648813689383,-0.7533593607685258,-0.015495832167096449,-0.27253666279671573,0.08679522756831086,-0.9289078922780122,-0.6857530304508408,-1.2442069460314307,0.242834901561586,-0.9198667598080169,-0.03939147063042361,-1.5870262732499585,0.26445079455653303,0.2551292417562286,0.31774541160162145,-1.2673970224236792,-0.20707942622243689,-0.19700094877771973,-0.32459088125985414,-0.04269623767059496,0.1314058866369453,0.21246106057510758,0.3262793228994961,-0.14955732444551814,-0.09468145905119703,-0.3498428267502665,-0.008435517931890043,-1.0429881705494848,0.4725250346297789,0.5522779226245472,0.3376012256610453,-1.9611719130921565,0.002686832977186781
12,"Non-estrus, Night",-1.6167739278658895,-0.20891465490505096,-0.7450362987426488,0.37979478195942284,-1.3707789349715989,0.16932658528569,-1.2047459829409388,0.06963564602535338,-0.7767919909500409,-0.32622879902177665,-1.459531396643185,0.018648894979090086,-0.7632506195632452,0.30956926463651924,-1.7266541857033002,-0.13301284921688736,-1.6426313593815902,-0.06088303578681753,-1.338410970239703,0.32577746213246317,-0.21571666223231645,0.8545858946843633,-1.0903377673712966,-0.44516298128932913,-1.4667844693524195,-0.2626958294045347,-0.11100146103665699,0.11571790771658491,0.19549867630048706,0.121699583720191,-0.6893616485973624,0.19579006521759118,-1.3267069083038223,-0.012301815176879727,1.8237482526263753,1.2200510428773153,-1.4767929893725489,0.08701778721615668,0.11370897056150074,0.15523335677363825,-1.4547806827809766,-0.031554317092444994,-1.2767886199453398,0.3875582305119729,-0.6508435122877525,0.4112853449824591,-0.8276025799514435,0.12365209276251767,-0.9928275958646755,0.3064873559748539,-1.2419730193604381,0.4679936973181747
13,"Non-estrus, Night",-0.031890679143140546,-0.5489011651063945,-1.2226655950221292,0.16235139812820523,1.436725902163821,-0.6401088215781819,-0.9028780180489907,-0.22520427783373573,-1.066222492150279,-0.2675409791748716,-1.7087899662160595,-0.38582058015531123,-1.0736326771058404,0.10852446343187824,-1.4302685091199856,-0.11757317463724536,-1.1943261763746644,-0.007716185006960355,-1.7551117128499152,-0.012001872475408374,-1.266536390318583,0.2870475734000027,-0.6883011737694982,-0.04525689374255874,-0.8974408895994141,0.3111622043396405,-1.6691004386159596,0.040585127636449544,-0.9989788020546553,0.032606562513337545,-0.8009657638695126,0.13659438296280776,-1.5966184369245737,-0.2661647678581245,-0.31898479292334164,0.003489915202208231,-1.576109204534584,0.06288133790349291,-1.5151142499567452,0.035367445417571766,-1.5758638483063292,-0.09666935795546759,-0.6293409804199359,1.0068475378861825,-1.5315352219522103,0.2271446440351718,-1.4237342247279896,-0.0930001873230775,-1.4091516596882019,-0.08184490083704105,1.4317741375932136,0.3199315661295858
14,"Non-estrus, Night",-1.0544687857009498,0.12573957596158034,0.6152995016807328,0.3206485680985317,0.041094853109303095,-0.28713919331112414,-1.3634202159848916,0.09324926443756476,-0.6694285934351616,-0.10491149140123704,-1.5026677533564838,-0.06461000875011341,-1.3086689371751248,0.12385467439732993,-1.1332123574600657,-0.07592247934430045,-1.0921706040104533,0.02190191574068744,-1.335666231054863,-0.17408255490813074,0.8076713111272403,-0.23674840899229804,-1.3170287793091142,-0.4147729292531537,-1.5743053393829447,-0.14352661687840476,-0.0818368660235021,-0.10956746145242323,-2.132583382825398,0.42635419658484547,-0.5229544675524371,0.10159092865559738,-0.4740104935252994,0.20689818093689138,1.1581174960507037,0.11445779402231895,-0.16998182878476378,-0.035450738573703046,-1.8306594713395516,-0.257912812315625,-0.33404180741655215,-0.10305950390339594,0.04832279251145859,-0.397723250889148,-0.756122887349251,0.03243940656043175,-0.5229320376823399,0.0004782532722162362,-0.4604412102486702,-0.11528176697954,-0.8849939169003577,0.2231171922583614
15,"Non-estrus, Night",-1.3344906240406031,-0.3656723942979312,-1.258783861625593,0.224851985436583,0.8342629246159279,-0.14747060111486066,-1.5595876382204934,-0.014622479748957421,-1.3166484248259855,-0.20897894398470987,-1.5047896010063821,-0.12480396392303225,-1.2214866209554267,0.03514662172553636,-1.1643054269909177,0.18823315868507068,-1.4463339686939374,0.09055565534848692,-0.45642328413322125,0.17347932757668846,-1.5441678146387836,-0.18828988097552332,-1.8139945254692043,0.07610596543711752,-1.3666145838235253,-0.34955332350988083,-1.6058450577941448,-0.15591049664436013,-2.20761175902628,0.4414216389186196,-1.7094323265007885,0.12301976219665255,-1.6642851570534778,-0.33636547366168756,-1.5620070395796737,0.0532477391218453,-1.7138093143098814,0.3039605081738634,-1.2292463664205857,-0.1038230679933618,-1.899807174641251,0.266688187249986,-1.287543654169391,-0.2278599362219315,-1.43601261924516,-0.10800782489363106,-0.866103751149102,-0.10582888942339704,-1.4126063506799698,-0.06582703042941287,-0.34744362011325314,0.28794952728474277
16,"Non-estrus, Night",-1.446219669856998,-0.003806240716951708,-1.370872291798742,0.16207298221935498,1.038545857883589,-0.44372334629688615,-1.1547159981544828,-0.09395294511338295,-1.2893449418343874,-0.12957160758828035,-1.5810298788401953,-0.060615327201178036,-1.4986471362150848,-0.05661593713498237,-1.354443683580083,0.08697600091161303,-1.3620367708675896,0.14335631944659027,-1.083544389890516,0.49756887616339673,-0.8382699069493149,-0.6100485891571678,-0.8769970806532575,-0.09546990704917008,-1.5316876009680982,0.12836089208806908,-1.3971430243071508,-0.028049337194407564,-1.1224770862031392,0.41119288735070597,-0.4314286013793359,0.1794762437693737,-1.6367796339929899,-0.4338699105510441,0.9031378314454432,-0.014309301974490606,-1.697558284049128,0.3951032592041083,-1.8679967886108026,-0.28209356015756154,0.6087095594022086,0.22404249162955128,-1.5028497336494024,-0.17195681656149425,-1.585815525106688,-0.016105333408506707,-0.22127427446460982,0.5476814877605614,-1.5722459996626486,-0.1378401531148104,-1.6266720535891352,-0.06438755320953342
17,"Non-estrus, Night",-1.6365514095912852,-0.1595838242720311,-1.12926607958095,0.036481334127098655,-1.640239431197513,-0.04026446626215368,-1.4470846381506446,-0.13140341783881504,-1.304142822178714,-0.12770837201826044,-1.7297054096405988,-0.2884800955329726,-0.9770449946893918,-0.05000811894023294,-1.7903100051828869,-0.18951731591819856,-1.5469611914163985,0.0710558679866559,-1.8450813565847963,-0.13797075494819921,-1.1801619398918475,0.16546456999076636,-1.1870518845792046,-0.17649531005905278,-1.8396809888776013,0.19506718544576537,-1.8877024803380376,-0.20452211868793677,-1.8475135982374515,0.081323478129791,-0.9908897972605539,-0.3469604600734911,-0.9216582931817567,0.12498898032288419,-1.2424393325819219,-0.057305161669015524,-1.4648652440805843,0.15136973704677037,-1.7496789040575138,-0.37397392912502003,-1.405499620418927,-0.11481315434288389,-1.6033570677269817,-0.20280932900190898,-0.755684929618445,-0.14510570102766063,-1.8069638834444735,-0.003740833140044778,-0.45633081129631886,-0.2048830697617816,-0.8080911255673289,0.4190424090561043
18,"Non-estrus, Night",-1.0169148310576628,-0.34688842239402107,-0.35877485599698744,0.25093008352727353,-0.2785224195047688,-0.3849233747699756,-1.4858767048979131,-0.06908269198149261,-1.3615696699752717,-0.12848742570608118,-0.9835255743455752,-0.17370244748824318,-1.4225408013454732,0.2017191582978865,-1.847164681242172,-0.24126388285014408,-0.43037260808045963,-0.13043776318364145,-1.5980498509571552,-0.11524219837984281,-1.7261675906318312,0.017799957584474835,-0.750846165596197,-0.0055375949276788876,-0.11034391024970974,0.42431569500736643,-0.6646971235240116,-0.43002619339007736,-1.981588597915636,0.4359327599971707,-1.5393977951276312,-0.2303121128639458,-0.8335773454840825,0.5019442949316854,-1.9681499653054844,0.3488008202937453,-1.0532167419035523,-0.21009475518119664,-1.0469527658755813,-0.44779224462094835,-1.9157842731566006,0.24732839988141012,-0.1002389328167196,-0.5639085735380684,-1.7379614027387353,0.022915785042707075,-0.9745695558805773,0.10317823839703429,-1.1303793119643137,-0.15072022661299353,0.9136297541818806,0.2613553580961691
19,"Non-estrus, Night",-1.6251801241551527,0.00423226783707584,1.9960925941967107,-0.047469291205063595,-1.5173226242994644,0.18381105750573812,-0.34737933514820485,-0.32907493262204385,-0.4388146129222579,0.026644581766438306,-1.517292638480211,0.012624621662573417,-1.4617243140740228,-0.019693114993920242,-0.46878031089195143,0.11447704020670754,-1.6018500406950629,-0.004830670444171439,-1.577018945642894,-0.17313270106792242,-0.17432601710038056,0.2325629722973193,-1.5320583678243005,-0.17387422199123967,-1.265816262561594,-0.23069718628327063,-1.0489334597306417,-0.36102353089722977,-2.1458111576343715,0.38775133364428477,-1.1825612086485207,0.11826835060558044,-0.4038912609813998,0.7086396400643755,0.4668512287323955,0.4967530907122381,-1.4895714371623396,0.017494458689481445,-1.5827483489612075,-0.3075425678002461,-0.954450089072486,0.11912925606061078,-1.796840827882251,-0.24068125358478937,-1.0243552764867243,-0.24458226975328345,-0.7506012751114636,-0.06721438923817352,-1.7596325277943339,-0.4578835057798803,-2.134148972158342,0.4012197205475247
20,"Non-estrus, Night",-1.0831222658673114,-0.2931726092875965,1.8214073249203766,0.024392574298206123,-0.4002032225020352,-0.23090153901160113,-1.4904090852253202,0.08303855003624153,-1.3295758261879023,-0.2025188650099467,-1.5970445019137884,-0.15159576180448842,-0.9030494576087513,-0.024830786633729642,-1.502137558142397,0.05268214897623578,1.0281425963863835,-0.2429314834649987,-0.6240376073990122,0.21355292010653137,0.3180865611675905,0.45111608671087705,-1.5398260180465,0.09106290283078551,-1.5070725883009235,-0.07597140479700329,1.766781724845528,0.1858461397213216,-1.1439363675752692,0.38488667903208856,2.8645174521700913,0.07318169362943351,-1.0856826407859208,0.11553775887291932,1.9507317274852765,-0.25680912966185476,-0.06327385728726954,0.31551946066427183,0.6303949316689336,-0.2379080603461582,-1.7764558574128104,0.21536975278493162,-1.4873456971090675,-0.24981988136459235,-1.7359842187546963,-0.026744093133675,-1.3139476923302538,0.3590618504821821,-0.2430106809934934,-0.36519271130986497,0.8875811293622172,0.1671975832938594
21,"Non-estrus, Night",-1.2328699518380712,0.13230477525433468,-0.17861809362227815,0.21181726645969676,-1.2922480956797062,0.43778807665973746,-0.5923018292153813,-0.12112604572781233,-1.3051424545990304,-0.0544903062747328,-0.4333728131699178,-0.039557147477495155,-1.3967782935484683,0.10546762641340615,-1.5345871481389086,0.07948662485686239,0.5652343936676785,0.07489257411035936,-1.3737822597489837,-0.13466176170521488,-1.3544361441628379,0.33973877426175675,-0.59256849068864,0.38247964958096187,-0.16307342491999624,0.1758523537198803,-1.413227155311552,0.34814355991535906,-1.707155265377127,0.044626420768535145,-0.41199755145177813,-0.42317362698186023,-1.0939672587693352,-0.20273777331044707,-0.9593179189513094,-0.2375780198644914,-1.4042235395645581,0.022477779000016324,-1.5620919589579627,-0.04399566525580549,-0.5950439902074772,0.013876913360756941,-0.8918043871527788,-0.2826539836244256,-1.6133534994114702,-0.08539242180043789,-0.7834521242103227,0.031388397797741156,-1.2907220354431073,0.25199993388887065,-0.1349009318314481,-0.22308320949656976
22,"Non-estrus, Night",-1.1432552596818037,-0.03622040522230169,-1.4899573150998298,0.07551119797429973,-0.3790890227204443,0.058592930016512515,-0.6051593710610003,0.14229643728981747,0.5898256019477929,0.15134352593870862,-1.5158712009430437,0.02354876770350752,-0.3378019302336968,-0.13937576605552107,-0.39762199188522146,0.13659751159097827,1.8689078459147894,-0.4071919919923975,-1.2425759568113754,0.18623283765907236,-0.5887642046629061,0.12566749815418826,-1.8305311562193245,0.08655574471741963,-0.7467102456533892,0.14878321789801102,-0.12305209825702285,0.28787844248226396,-1.3833204734797429,0.258407459645732,-0.8094108563081689,-0.05492126316665354,-0.8286870147178909,0.12758143639057873,0.5734748278339702,-0.10267591077679927,-1.2144138225604315,0.3545817654661619,-0.745614092633579,-0.21021233092100988,-0.6895022043972006,-0.08058130082896647,-1.1134791122486425,0.17443529787165374,-1.0534820588397436,0.01523876381264943,-0.5798040083244953,0.0576981177659022,-0.12066042393920728,-0.08827899814787388,0.6667263603518941,-0.09007197877647703
23,"Non-estrus, Night",0.34050126863717267,-0.1175638920791978,-0.41760834055578205,-0.10795650974201784,-1.0148582090931666,0.186675279191586,-0.7991098932655192,0.15626799565248595,-0.5151150478419162,-0.3368329056403208,-0.9720434441208367,0.22633487489052265,-0.9765671663398605,0.11368329495725907,-1.4646038658489569,-0.026249046833664587,1.614618490379478,-0.3236094402610849,-0.6545388295864679,0.375509166556363,-0.17124634318527984,0.3147250582345501,-0.7499137092240362,0.2293954431556218,-0.11939799633216877,-0.5534112331806665,-0.5415453928990721,0.27756529871576757,-1.3070362257024908,0.018501002502303247,-0.854989636475744,-0.337055915652382,-0.4445918312505311,0.000656175468371815,-0.9732621899891042,-0.28666996022242525,-0.46650146173180884,0.0894395803475408,-0.49137616570808845,-0.319298129005058,-0.8943973091297274,-0.17876794810087543,-0.25629197905782325,-0.15399155425096483,-0.7587595282874545,-0.20212102820308125,-0.08996656932041476,-0.21018304396913765,-0.26766543823024613,-0.08437166159359455,0.9497538975882875,-0.17995889639554213
24,"Estrus, Day",2.361287577622956,-0.06839708273055307,1.5520801094260641,-0.043500386397451005,2.139671377975692,-0.48837512952647755,0.9348489338448392,-0.03518860824289024,0.41917762619907867,-0.03263334254147762,0.27260020702354215,0.22506785554101014,1.2878302681271268,-0.08883389812841516,0.0038126860723129716,-0.11887064422734796,0.18290671421893906,0.32345000964251946,1.1700521708523237,-0.2852318920259301,0.566344814973916,0.36839980131347316,-0.18941973788796865,-0.2551238055020509,1.4807091028722732,0.07963532891506077,-0.022064870773039955,0.31597635730989804,-0.4134883372503601,0.08636062995329839,-0.0460829672492966,0.11073511237218707,-0.025329582603667605,-0.09448066784054324,2.1480600894932214,-0.020625301018469863,1.129812487753681,0.21845189291089276,-0.5567513441828958,0.1345051630769407,0.7610938166154875,-0.3093365368551613,0.7965060965544465,-0.03931054451795272,-0.2775393401310703,-0.10093116586722933,0.19800946609927736,-0.16651235117727986,0.718212792395321,0.5923796568165629,1.8347503855036607,-0.4787803569408413
25,"Estrus, Day",2.266719978301561,0.17241389262859602,0.6095758539546374,0.2824016813164036,2.3910655429406593,-0.14314461720078492,1.9321491593690587,0.15036102876559806,2.295086250215986,0.08810245224520341,2.2667515597395016,-0.21030659920611852,2.581383539779661,-0.1282318061466148,1.8377575453393904,-0.33132367744706676,2.266919377852097,-0.3556423310657802,2.66664579863953,-0.736056766003736,2.2504979496327806,0.4137896201804208,1.229302825583738,-0.00604906624352678,1.1230416632325875,-0.8523351506014615,2.5035239773369367,0.05851872217746967,1.7461388414290626,0.5304607829269504,2.764877190059206,0.15338132837952986,2.5782025794398034,0.12963894569811954,0.7354137353380986,-0.5764781799229554,2.278261967241302,-0.32277106619304646,1.989681649485829,-0.31268741032457353,1.813428649752867,-0.6780385392381401,2.2290164985210983,0.624032784476606,1.9950291861303473,-0.03996702532767908,2.5952506967682916,-0.7269779335406742,3.0073508256768386,0.17239758540712544,2.427610783550928,-0.4503492513239754
26,"Estrus, Day",2.1152561258416807,0.13680809324017712,0.8344607410319049,0.06664913602161295,2.3822445334899838,-0.1737392414276982,2.182851646316837,0.0649702895910737,2.831433393289858,0.44572126096529857,2.0832265754674353,-0.19638641789991548,2.565653711023274,0.012913558973193122,1.8287187520341217,-0.08384601648530195,1.8533750824445188,-0.08485284819604431,2.687155680630657,-0.6179354189340421,1.1709646278881924,-0.5734808875383494,0.7472981598279042,-0.21783454735265134,1.532335835302771,-0.3846755376454237,2.731598527433413,-0.2249571765506109,1.47048726363629,-0.4012366127400162,2.232716017697795,-0.2642710074576179,2.249791104557794,0.1314902704133346,2.10317793124329,-0.02882626815441595,2.1863856707695315,-0.33226646981838637,1.8492276121051296,-0.0786852408709293,1.55136811773594,-0.6212037675470866,1.911662533241253,0.8594713398491514,2.2353682047483554,0.07512465102888277,2.0848595045894123,0.14661443962391263,2.5039097330900777,0.490455176857379,1.4721517400268955,-0.7766415925331219
27,"Estrus, Day",0.6816045048198723,0.737786491947003,2.343322695526739,-0.1829643571339644,2.4701421160829824,0.1497006864095204,1.9077260652607446,0.16011690680531518,2.462786395059318,0.1237253872948971,1.849920429019432,-0.03480223319138003,2.684817631271444,-0.040643693834245966,2.1678638173502094,-0.316809173431239,2.0056482493809336,-0.22082068689386847,2.0815457585674735,-0.2661021938339733,0.4749633938610929,-0.5723853044814873,0.7694802164032322,-0.004262030166852363,1.8480247863988948,-0.5655765255781241,1.8919867123609384,0.10828631202907116,1.2212671302536002,-0.7069091893817524,1.2639060181072082,-0.48967097431551104,2.304286084751292,-0.08430655469012846,2.207970697450338,-0.09823028410421207,0.7121867936418969,-0.6084858597141256,1.598668509368403,0.031043249995118198,0.49948707745688287,-0.6579706346920353,2.1924671936130657,-0.07333570478470859,2.2002210331155236,-0.10065111542381999,1.7988731341202637,0.5240968930425373,1.803820414442481,0.4597351563140172,1.9130532311872308,-0.4476818726313793
28,"Estrus, Day",2.1040876356823617,0.11750921339163213,2.2827074317144,-0.32529002182110545,2.6462908600017467,-0.20904013830628723,2.278401244308863,-0.060219307539599094,2.327571653730402,0.20328757657078497,1.7372684779015681,0.053158550770281074,2.7150132839110728,-0.0754165558302133,1.476671193666138,0.12599842915405987,1.9801386539025139,-0.13275187286740606,1.8133825635810767,-0.16527504710217455,-0.7372807652984567,0.24515244492696756,0.5566273214546529,-0.39998336150577485,0.0918015528479436,-1.3253952710777361,2.0453809627184953,-0.232641503446428,1.4171730308078117,-0.18226759651596758,-0.5179007026513733,-0.0950918773732457,1.9436241717364653,-0.09189979703580048,2.097105410601552,0.010423205853495423,0.41134461568654634,-0.44615154921819355,1.9109441389481974,-0.29801003370645723,1.4281574923418678,-0.18811583517090122,0.7637533979114259,0.6067007634309698,1.8856331646707678,-0.023017043628781188,0.11744710764731169,0.8045543794489446,2.0088565815668424,-0.22974946584637115,1.0611366220623353,-0.36562647456856195
29,"Estrus, Day",1.876277910135994,0.3632946872426392,2.320123259498532,-0.27645595499295195,2.6185006040139425,-0.21392780083750162,2.06874566346951,0.06479421390384944,2.642597359451222,0.40956163477802365,2.2427967325152545,-0.3362624297159938,3.0107572448155007,-0.1438257853702533,1.628375160548295,0.08665911467371977,1.716999038869355,-0.10287828018628907,0.5280095472108333,0.026705310887190706,-0.05486670205454374,-0.30260434550669807,1.2780761457011374,0.1339809298977779,1.2507684976488294,-0.4076291538051416,1.0018242280427878,0.15773333086276145,1.6832334975118208,-0.017422368988554666,1.9149918217882405,0.008497072753210757,2.133846245288041,-0.19477539985311637,2.0610156032372413,-0.030899877969930902,0.3426484729050878,-0.346341320268315,2.162936602496832,-0.29528720286083715,1.8401279104768904,-0.06459652106490196,2.1842382733861663,0.10204493025301613,1.750713237774582,0.059597887087020227,1.9932622491674965,0.0698987279153673,2.2275878929644297,-0.5866757508184247,-0.9203729365090422,-0.41276873883094106
30,"Estrus, Day",1.8098810340332234,0.37820170803212166,2.3355997139544944,-0.362623499542909,2.3490482995842927,-0.037455965596005475,2.069852061124083,-0.03378805720666736,2.305894094510795,0.17646021788674354,2.6247326298360942,-0.44424394858936234,2.7215499399028658,-0.05937231233077181,1.8914911067307256,-0.08747908044411194,-0.48458219884859594,0.9177313265367836,2.3896128834752206,-0.6136384451331574,0.9243267488353291,1.2946035104450058,1.2132700119759747,0.32661094448912553,2.222108478047414,0.13032324344102322,2.2445918456221783,-0.07451368767632313,1.175108508150415,-0.586561615205704,1.470620935150903,-0.16593448765767194,1.9478462650233659,-0.4872027784534706,0.39628348112237705,-0.4142916769934909,1.461768789695138,-0.30018892604108444,2.0229355833519347,-0.40695099554259523,1.7632346635123828,-0.6033805550780155,1.4775183636318379,0.259341212295855,1.494527382990028,0.11872770975014416,1.9260171172606229,0.7157275656075024,1.8924210085385746,-0.5177869862068146,1.230846564699864,-0.3800135412900577
31,"Estrus, Day",1.9376119265017604,0.014044024302527429,2.2897166362917805,-0.48416668789227035,2.3388774149538745,0.25772027024157923,2.1788218532129213,0.05097162961064931,2.9023636372125123,0.7105263082547616,2.643084427757862,-0.41997408892005417,2.46087740409975,0.10304279595645736,1.9742115935634001,-0.1048775325072918,1.2762227437541545,0.06336952927922462,2.690832444089142,-0.6682575135824224,1.3592166908469987,-0.7308482548984815,1.411483781970857,0.10404976861497042,1.4782047863475136,0.18031853218848645,1.6530952217493775,0.10396588214794163,0.6176929600934655,-0.8899411685969024,1.7731409509687803,0.37026970551849947,-0.6492118332991154,-0.16510937956877453,-0.5509339660799938,-0.04809621802212896,1.6418607417821833,-0.21832034619401244,2.373776525895955,-0.7402516633229427,2.395226009949623,-0.3016626475823071,2.350438121430592,0.10225882035356022,1.6499837922880631,-0.312607144517897,1.908313853772445,0.5058043624882872,-0.24235809678922196,0.05211023432085504,-0.15261127663054444,-0.45253883245950904
32,"Estrus, Day",1.636351689589397,0.11117288216220449,2.146636756381824,-0.46555724412865357,2.3003823830418875,0.02535915277937529,1.0185533477016238,0.3290682019956472,3.0318357234049884,0.725491088708707,2.3621362380172615,-0.32714907751248756,2.1111398552242346,-0.08031197153521466,1.7115905755176253,-0.11107147236062286,0.9121429690785623,0.28436172961617606,2.6704988018471894,-0.5376712703462143,1.2594736576033125,-0.8584165812610655,1.1826180586650947,-0.12055494258073556,1.3417771770757536,0.5846580188591493,0.35249296833563964,0.28102878531290953,0.6981815443594802,-0.5984687054839066,0.3065876259835272,-0.23082655094018525,0.18531244960440052,-0.3060357293594138,-1.6062636349437212,-0.26080676186877744,-0.04149616390607801,-0.3977938898150299,1.352006177056719,-0.19639025007372124,0.8464125974989358,0.013077980922066423,0.24109170300468252,0.4397232641182577,-0.13136377634521249,0.06502029406517248,1.762676993920237,0.28824004135478837,1.4561195572092354,-0.856725630539175,-0.14089059935785103,-0.5763621071324698
33,"Estrus, Day",0.07983076451105704,0.2579685969765673,0.8026412753629052,0.18065967773288985,0.8538384354782079,0.331544809756449,1.2201946052349908,0.08923106928361657,3.0803436087811638,0.6740322785988798,2.061406288880996,-0.33329506303197637,1.7727457916962095,-0.04126739991114871,-0.04430336947882754,0.24268365223413998,0.3388395164556348,0.7199017967130834,1.098609258612874,0.22069760164648197,1.3254047347018292,-0.9799401104372274,2.321585118092652,0.3991450235172099,0.09342965024506192,-0.5482484701972995,-0.20816234154447644,0.07686847733384419,1.2685439364344233,-0.050915381392424235,-0.07398756398032902,-0.02521700722343221,-0.6841681212419662,0.3650131379373337,-1.2666053192834388,0.06528578668548184,1.7272537662574519,-0.007627711969799885,-0.5935757988255775,0.16649968698759782,-0.74765385400555,-0.38259406503754756,-1.288383538941474,0.18181902142076317,0.43082966150112545,0.05920604814687816,0.40301157821668193,0.3485219216353459,-0.5690624127419612,0.33836724093472575,-0.6142412391486972,-0.2799444825155399
34,"Estrus, Day",-0.3554617507888754,0.2962712810740093,0.22842245048964335,0.2390703093366541,-0.6598785707829141,0.6799739793442773,-0.2741043313394307,0.5103786968384205,2.824146876822071,0.5898994346278287,0.7016459256819709,0.12935289349141865,0.49195054480943545,0.1940932299899184,-0.2564907018882842,0.22153960118718083,0.5741607727940633,0.4579595963116501,1.2151996712108553,-0.09193367839984645,0.7894541161500792,-0.6064429907344816,2.522046884241293,0.3553087620220572,0.255468587562169,-0.08793310846353981,-0.46273850516095166,0.4729950867040459,-0.8889267572242313,-0.3691198555350539,-0.32918122152058854,-0.2782568935438049,-1.6179820054489171,-0.30780022177974,-1.1415773320921452,-0.19908540464373917,-0.04017901524685125,-0.9250394627404538,0.05587929707763915,0.09841572709203161,0.6864352655604984,0.04529887928015852,1.2127762237306001,-0.18917109532896517,-0.813990032268411,0.19540310194434948,0.10795639024308573,-0.4884694832334969,0.8855374840640704,-0.22731110744656757,-1.9322020755490572,-0.06410074826720728
35,"Estrus, Day",-0.9138269278042344,0.3110985771490347,1.6944822059777724,-0.21059362924992672,-0.28869588188262985,0.5577498655528774,0.11800126038954266,0.2958075329398474,1.6981545931378665,0.1191434004474179,0.43565255682334675,0.0449668427047853,0.31087890614891345,0.1508816101902952,-0.4383144426002771,0.43508350693126585,-0.12506325012751823,0.7399003210456883,0.24934122104672918,0.4361762790592869,0.15459963364056833,1.145819778535118,1.387524232099473,-0.21285436382347392,0.21976988608100234,-0.38837229042695903,-0.19613097491566645,0.4135886003409349,-0.8086841590546571,-0.09671085960485562,-0.37719231048501844,0.05997498959240668,-1.4072333576423308,-0.5447223764962451,-0.5495906249270017,-0.2724057408510421,-1.002100304156144,-0.2883105583011001,-0.6178768093803871,0.1857165599297524,-1.6042735481103367,-0.03835921624967722,-1.4733532787647783,0.13912295983507142,0.4461469827704168,-0.09137442603539614,-0.2522442351845162,0.22032078141602357,0.6752778769107857,-0.4533921707368616,-1.1457524477624745,-0.15767528609791975
36,"Estrus, Night",-1.2192399224310697,0.22927129897589565,-0.5058810197787857,0.7721240255097634,-0.4028113176979638,0.25783270487456594,0.3143315729483943,0.3411807185115631,0.5183402176785951,-0.5726517434119373,-0.7782339160261935,0.5384003310320435,-0.6796406481579383,0.2177936686109422,-0.6472669340697251,0.26903913213146946,0.05690278408110271,0.7166616658127154,-0.11523855633685291,0.7583512099066007,-0.4946875116989217,0.07915323641216383,0.17350914258964684,-0.7198965274047892,-0.16418220586617344,-0.5269315618540403,-1.8363119209122623,-0.11602427281892955,-0.3175062211190852,-0.052305540795239906,-1.263870833122572,0.02044648011235985,-1.5393931172999038,-0.22752200984762055,-0.1294265693030563,0.012993411778961976,-0.1809095936801883,-0.41997297207690776,-1.2587630668956742,-0.14548429409551003,0.2904149243450614,-0.29260071709362157,-1.5506169175357527,0.042593093802753335,-1.4531888106631974,0.16266513871025357,-1.639879682065435,-0.07724158846049814,-1.1552040832063613,0.06500358794812201,-0.06322726455871792,0.44403975910957144
37,"Estrus, Night",-0.07981217611978474,-0.06224954001647457,-0.9100514432571469,0.35641309785022907,0.5550854917890133,0.026598475238488413,-0.23813062740266286,0.6531616887377845,-0.357442978527728,-0.41150767098604296,-0.2651012339643586,0.27864605478749854,-1.3000164134306598,0.29096698993593123,-0.6950324149302933,0.17325742547391007,-0.1129776635496145,0.647951902278784,-0.011739986140838416,0.6887765169395869,-0.14051845877761934,0.5211916360247218,0.2028840891440498,-0.9227467408490153,-0.19118870220362055,-0.7229076218610213,-0.6067338552573622,0.25743568418140195,0.6555174605258405,-0.28445598872623457,-1.4994018675807324,-0.18421383352734944,-0.32193054877001215,0.07094842067260468,-0.864546961469653,0.26262438635389124,-1.5644209908962954,0.04115632227539145,-0.9977824866119275,-0.0838763428559948,-1.4905377451290855,-0.020261252663976777,0.43507832520031203,0.3224862151691098,-1.4828351572209895,-0.05704954303376911,1.3484674640029437,-0.3273162292237939,-1.2719058516547863,0.13329115279395826,-1.6573800781189507,-0.06879600497377797
38,"Estrus, Night",-1.4076542971499977,0.10996523661538282,-0.11197973596666298,0.2574728892404521,0.4194143285208357,-0.23087604099541897,-0.9367049791309565,0.6623768852416282,-0.12165408012389058,-0.3892839856659777,-1.1682645650409644,0.4155013766231659,-1.236211143133168,0.04102187248103265,-1.7085369324390582,-0.10059289039609436,-0.5527671756502371,0.4524991366760587,0.14002838321236144,0.5262438403887275,-1.3062640594663242,-0.15687909052751464,1.5399991943626457,-0.22087752437279545,-0.7986760067640392,-0.611306897827764,-1.6794743568567958,0.05539115376780666,-0.967634468474721,-0.1267899349183874,-0.764781810228546,0.4581530232394625,-0.9949211431947539,0.16660014756109515,1.9278546636415195,0.307958172496064,-1.5995848785450184,0.0863570119139274,-1.743501719478561,-0.29321236052748767,-0.86457789426153,0.6041610123612082,-1.3658377360288976,0.08806263203527981,-1.2862166545011955,-0.09334715048438559,-1.1270301067479072,0.1516185276602077,-1.1278830971172185,-0.2650593801622736,0.3423310537835509,0.18705114816524748
39,"Estrus, Night",-1.5836973992133,-0.23071825665473225,-1.4688551102148575,0.10920304378418813,0.19062676336129344,-0.22544373334220877,-0.726658871988006,0.3554660386456131,-0.7673845557125827,-0.7517754907109595,-0.8910782702911131,0.2397252326934588,-1.130043840952217,-0.15546902766481716,-1.190726000310685,0.09745041036082575,-0.7334988516734379,0.4655188651023625,-0.5368295476294969,0.6815221588347088,-1.1579273651520405,-0.30144021851741604,0.24143865014443097,-1.0617343511013995,-1.904853735702095,0.18535773051280177,-0.6056082454791637,0.11808370956736487,-1.7331187151056229,-0.05746229335475959,-1.3922140066453088,-0.49413966551100313,-1.5895711545227769,-0.3444283365031807,-1.5145239458296342,-0.16564961368675568,-1.0276109818263564,0.06841458503293887,-1.9151306382269746,-0.3201190155534387,-1.508284503477187,-0.0038736053114107566,-1.7167491351146158,-0.1709636831886468,-1.3261941095637129,0.1852870545918659,-0.49596249248229457,-0.06928223566464754,-1.792472195948197,-0.20350289329265397,-0.3298040000632153,0.41887961463264967
40,"Estrus, Night",-1.2981180237613494,0.05892631364183122,-1.5681959119416744,0.01405878903234299,-1.2973461464815075,0.27579079152919966,-1.4226835147576509,0.059620194775828764,-1.2115246864631533,-0.2947007151860827,-1.4943725143045947,0.08200243185660601,-1.522414588341958,0.14779871092170133,-0.5670914706178777,-0.34446662390938787,-1.421176080479945,0.23310971473139128,-0.8560310486868303,0.6516991537859583,-0.8009692055674256,0.7745820948239741,-0.5295565944486975,-1.0668126689101118,-1.9174439565167452,0.31110327842760954,-1.4367484932114456,0.03704075208041721,-0.8455163499836355,-0.21537058192448,-0.7650790542479913,-0.04648564810468891,-0.8920136537177317,-0.3386489248800447,-1.9202305590392041,0.22899801506742337,-1.5453451096140733,0.18668399362610144,-1.739204455962164,-0.24539721351412633,-1.710183035378537,0.0811413809738787,-0.3670920318900744,-0.12399994632724537,-1.7886811799180806,-0.030001313930698575,-1.9019030298522903,-0.3231432638912017,0.3215623434177694,-0.27648040609633945,-0.6136395841598974,0.3231871280127634
41,"Estrus, Night",-1.6772167120210897,-0.2246402957695115,-1.2741228589289155,0.09305880957778818,-0.45322788705192496,-0.2550237130272501,0.5627024560028068,-0.5112961263685157,-0.9264918960164836,-0.14750079275801356,-1.5330855572712079,-0.1699936241945547,-1.9460039598013588,-0.2076529500662207,1.8257920436002089,-0.1419403034944813,-1.4982189627204878,0.02530849549783283,-1.8217606257114252,-0.05234364933613797,-0.9735666555215008,0.4789675595021409,-0.8647076868371274,-0.6449239430767707,-1.9945586151636985,0.644481471977861,-1.315839327702634,0.004219730895838603,-1.763133871340613,0.01117176943870729,-2.166145220116198,0.3964353121246212,-1.3646229922649424,-0.06964512264371905,-0.5456445192916352,0.05431178872978399,-1.518909128314355,0.05987999242825385,-0.7769847237903691,-0.2314625240552501,-0.6946430641710227,-0.3132848652738719,-1.2486692423611023,0.2882241046750157,-1.1084976915870381,0.04811600282777402,-0.5808825266838232,-0.583435413778624,-1.5608436891390345,-0.1081823162792626,-1.3406584122849603,0.24522826878168874
42,"Estrus, Night",-1.510925726680629,-0.029892946516762574,-0.8524784799361419,0.16219324267291532,-1.5357468140141448,0.2520943393937804,1.9128946550634023,-0.17811971455526024,-1.5048733753695327,-0.03368863821546915,-1.3996347300146859,-0.16852485949035176,-2.1002961858038476,-0.376206557330182,1.4848588540604162,-0.1222409886441051,-0.6779898797487379,-0.061180816737459155,-2.1677311969269684,-0.47031269802750086,-1.5867670830567142,-0.11665899869482146,-1.919909414424329,0.11506548822424037,-1.8937633136087362,0.4105622561874191,-1.6650356844944396,-0.02691417066826363,-1.6879150630042037,0.19815501089405924,-0.8388362633874047,0.06893004823641552,-1.874258726558638,-0.4931253439990088,-1.8997742478116768,0.06477490591981236,-1.061375682261629,0.06604679830488475,-1.7898305646762989,-0.20493938002531267,-1.2453279975025946,0.20342229316931024,-1.7226741729661943,-0.1665145986687327,-1.6846322334949035,0.08173825877169015,-2.2574228065276896,-0.41327551101149174,-1.365754150638731,0.05891541520940924,-1.044677771803875,0.1032198705130191
43,"Estrus, Night",-1.5088672196662472,-0.10507314155002116,-0.42543547349060734,0.16538500464627962,-1.5282340311100748,0.024258270804745675,-0.24943163053544237,0.18044456160658937,-1.2290410408473942,0.13672427197596296,-1.5380447870647673,-0.03452393943244676,-1.0384926613363619,-0.18751648564838866,-0.03371881897573242,-0.07569402506342894,-1.5601447294439459,-0.08147597077797362,-1.5400426511724277,-0.27599960323318284,-0.5012016096473999,-0.4955826368064339,-1.8478941867339316,0.6806479519973162,-1.831412855455464,0.33489940661059925,-0.11966449567546922,0.12825903675961953,-1.2918581862330951,-0.17046211648023657,-0.5011382066591705,-0.4853921419406122,-1.2181458656057693,-0.34212029419483525,0.16761881696783992,-0.10489642631459911,-1.5856613367868473,0.12562852070176478,-1.6576283007333366,-0.12030317478833473,3.319259961987769,0.3698997091383262,-1.5132455429537257,-0.060827192371190344,-0.6683823169447044,0.03008978340849887,-2.0954060173450704,-0.5947743558791772,-1.1024092995799601,-0.41769706690886405,4.73287213333992,0.1023303157420451
44,"Estrus, Night",-0.6463697952897968,-0.43774300148969153,-1.6628216844532695,-0.06482993232310715,-1.9044865049137707,-0.21161067754692303,-1.3111080534044048,0.15980266541306445,-1.4303025182360463,-0.018794868993336288,-1.147860030232539,-0.25040081384046736,-1.5567451751566794,-0.06717603853833573,-1.6145817301625316,-0.07815121590232124,-0.5969969563767179,-0.38009842767254476,-1.8901076068995382,-0.267456757686499,-1.390408688926983,0.17928465501833254,-1.5982701640540393,0.4416759193896061,-0.738090392272879,0.5079181775930127,-1.848562208584539,-0.08189045243716606,-1.7919386861695534,0.1832730533398894,-2.2931090991320313,0.47479762273848103,-1.2773702903353463,-0.12007230903726246,-1.3605008342013765,0.21558212232591398,-0.99350415427252,0.27217996463766875,-0.2681562140508046,-0.08494569552296932,2.439644440531106,0.36609308349685704,-1.6341503258913095,-0.06168855929578827,-1.6372600753343984,0.06428942400741103,-0.8285420710022411,-0.39690129961347054,-0.4870464952372906,-0.34269784139943066,3.4070178808498333,0.3341712683018105
45,"Estrus, Night",-1.5348685217288809,0.019337765638013583,-1.6076994864523335,-0.09154040033412485,-1.1922998606607438,-0.20959951499238696,-0.6560682140284431,-0.27033986091095097,-1.565588511577267,0.1315815432512419,-1.7525001275213774,-0.13811434734510908,-0.8177394065847067,-0.5324646876018009,-1.5564740072173295,-0.2948597640079843,-1.230181158976913,0.09768601395988823,-1.1005064442955244,-0.5661402738516065,-0.42048164610611816,-1.0006583178735229,-2.1925670130392514,0.5277206706449848,0.25814315299997603,0.15400751850634664,-0.5078883868080522,0.37881057654267447,-0.024381233933852806,0.3588563732043755,-0.31554060375691156,0.024706991425370823,-1.174156194527754,-0.42567456874132364,2.0839643451504184,0.3321099376100397,-1.1258906559865007,-0.2277520590065646,-1.6096409397900031,-0.04296654357960673,0.9834179680058064,0.08673481472321176,-0.31071822057079007,-0.11801472938378212,-0.9918834299809437,-0.15607871749896068,-1.981305871900656,-0.20164526580906378,-1.171499452463408,0.2921152361835244,3.046003347425938,0.5979401750652324
46,"Estrus, Night",-0.7763594317292092,-0.006735749372557495,-0.6907707338958549,0.15708824645806596,-0.5232072501515215,-0.10823439712003968,-0.2243490609809804,0.3237294098396577,0.08037961372973514,0.33742339479910616,-0.986056384508041,-0.09915573312015466,-0.956440615963026,0.15916341202115528,-0.1516612519566271,0.02396899078033913,0.22167048698112815,0.13028476131490752,-0.6825900153082947,-0.042995300861255324,-0.16180498469031962,1.1076680913932062,-1.177943755696796,0.7061203013869284,2.502813471126472,1.0527256252651114,-1.4491335360773194,-0.09461771149584569,1.551865911328757,-0.3044618441587151,-1.9418365439289869,0.24850052914051024,-1.1916140040072212,-0.3856953695951864,-1.4238976047691019,-0.08707349257980468,-1.1973098321027096,0.2561796788909552,-0.30673485884462987,-0.25913820981896235,0.8428076228829042,0.6921611203192849,-1.2219954973586513,0.17262417143985423,-1.0086858846934674,-0.2322088606511173,-0.6955756713521888,-0.23913232710780044,0.2621675779935397,-0.10585553999020522,2.604323822791227,0.5952612112097264
47,"Estrus, Night",0.5580047059403033,-0.23543902945661116,-1.321597296944069,0.11482739664967213,0.08599860945969857,-0.38055449880316744,-1.006373524567044,0.43747884129990083,-1.2645296102990162,-0.17594468041416209,-0.6805468240251116,0.06064563030501475,-0.6051408515468399,-0.09326863029831897,-1.3554047931996007,-0.022277022207502353,0.6508287401294204,-0.11152859799001125,-0.5750542332520086,-0.5654461967183917,0.24593858694424442,1.2342297536157523,-1.6363056930001292,0.1160220730140489,1.9900078084052388,0.512188316598113,-0.9446641264985267,0.35021498772775267,0.7588799598053495,-0.32450550439270803,-1.054444858474592,0.10818438083644359,-1.0581296928835644,0.049333236812892464,-0.4770921427974268,0.0963492567894864,-0.6791301661356663,-0.2559779058822,-1.1790292179008337,0.05873094257669361,-1.2394746933323129,-0.26860608246967776,1.823673718588218,0.22313605698865163,-0.9312340454727018,0.17154526498762865,-0.951013306521765,-0.08423601502716563,-0.08868185379490973,-0.37029548056883527,0.3589979255029212,-0.09704119687042334
48,"Non-estrus, Day",1.8287181858786532,0.2588222351607213,1.8190428917542207,-0.33887489871554033,1.9120339543270537,-0.7852688309718922,1.0169163753337076,-0.3091521266293424,0.3480063817740841,-0.005655467762029977,0.3753725347259551,-0.08816727792148639,-0.12178824597316276,-0.012403895881748629,-0.2138426511949374,0.03534436297571792,0.9457676085705998,0.2607199441477688,-0.8923137988870986,0.3634217324203211,1.9409532403866339,1.130804333788942,-0.03122047969456042,0.41155623115926326,1.4857428733143838,0.1494837602304071,0.8615887989738957,0.07580935191894798,1.9527001746712906,-0.32245909166241093,-0.09667774733734771,-0.07195763586923203,0.5407649723997607,-0.0731930328888017,2.1358642702539807,0.46047145912935133,0.7347001388930298,0.02641132536748809,0.5192009960225477,0.0364866926666044,0.36034405255946156,0.08054033923657967,0.2246829256740956,0.5981925496214029,0.38627864341677914,0.06629209222295292,1.1115621127864086,-0.08136563786777924,-0.08141353743207659,-0.21454888353560828,0.8526942867061292,-0.01806886773973475
49,"Non-estrus, Day",1.929745186991832,0.13829611724251045,0.9248164137979372,0.1474403129568068,-0.4979051682976983,0.026484256041981194,2.314513224911179,-0.4086207636026296,1.6861181049026268,0.24827200341364053,2.0608217500269816,-0.14488128831107042,2.1671320521869126,0.016879771293938813,1.7892990334135614,-0.375606325996434,2.0704225871134927,-0.3058934944744728,1.7089446472976897,-0.42617119328493913,1.8206840635769608,1.0105826013007706,0.7582653505535533,-0.6350990736886759,1.8614909811773288,0.7122592477275924,1.8692655069590258,0.23266899216997144,3.448175250945884,0.18851958777621813,2.014471883850115,-0.23626729849766087,2.3183829466047854,0.07507215251048162,2.044797070063653,-0.26572029193372004,2.0941463391971102,-0.4046306908788969,1.8554778771278304,-0.17060322466696184,1.1989718475759115,0.1688262431754006,2.4374286633766,0.7746462675480781,1.9293551292497741,0.29866612789887526,1.3169952368560054,0.545711224747318,3.0282680681201066,-0.1291994703271007,1.385357508221082,-0.1806584544634431
50,"Non-estrus, Day",1.921224719865347,-0.04299513078001221,0.619213631303729,0.06542592201700803,1.9864488134003526,-0.21218926330737997,2.470666312393793,-0.23965056156450334,2.193146116130042,0.44873548181727546,1.8176553018351214,0.04802099816993144,1.7784703354656841,0.21451928421101596,1.733850766262523,-0.12661128915803768,1.5986500512100015,-0.07138012253247897,1.9899205755298082,-0.302343932659469,0.8437142210494717,-0.7088832207678281,1.396932076465425,-0.1476982776841515,1.3710806469270787,0.8016337903434609,2.4896167709783508,0.06051463858026856,3.383935082917541,0.09177649787145169,1.9101084421650916,-0.1374583217728631,2.2021173281079625,0.17672930203433349,2.035232110641525,-0.06594079987886531,1.9318501070451934,-0.3145994330536339,1.346939213096605,0.5049493599401426,1.5367284467821452,-0.05340592141030801,2.530719962845295,0.7182538013709516,1.8612249894640567,0.20306946568740192,0.8743414252694879,0.14646191565813158,2.547399614021767,-0.03319329296833757,1.2592408751055497,-0.30846095762803477
51,"Non-estrus, Day",1.7708859211255668,-0.09983444809370198,1.8456579823808226,-0.006961015659726715,2.0697535986356663,-0.10111096621817732,2.5376557978654133,-0.22108128663592688,1.8192985537041553,0.18515421380627167,1.8553460831416622,-0.12018023810514543,1.6617545860301535,0.14692607023166762,1.452993657786007,0.019569525411029107,1.3262100427345653,-0.0871118335390163,-0.42050857057994795,0.5250796731393254,-0.22896097321162492,-1.4374034738215071,0.0744311574784026,-0.2479988897671704,0.9040880736553962,0.31013418111969066,2.4349801737232504,-0.10146803731418205,2.9118114056870756,-0.397453980346616,0.906682237741169,-0.32963070003747674,1.7643639896016847,0.11231651959448251,1.3502309361905545,-0.41827236734357626,2.2109981857299283,0.06968509978826623,1.4474160850977285,-0.22748581731458473,-0.863808695046076,-0.35206321671576357,1.4860529413005041,0.9659060238178077,1.4278676252039197,0.36079166402953217,1.7300817820884307,-0.13003517838187306,2.1599995917958066,0.11611915837655229,1.7290763264009348,0.6088044046919382
52,"Non-estrus, Day",-0.5892807441625703,0.29823358868784855,1.6535738758580536,0.03596150841593526,2.1367978119822455,-0.20015932656792573,2.1142692848902684,-0.13320734123011108,1.7147419030205324,0.5086367774309536,1.6420846349953484,-0.12649381216942315,1.7090075395582571,-0.04984905560319929,1.237837174758155,0.19467257971191526,-0.6657031342855009,0.5294968208262699,-0.8660864844828201,0.33980394703364736,-0.31778760860734234,1.2914469413490384,-0.6046278532592402,-0.1380604914575443,0.5220013749406363,0.061546336143866516,2.296056857054219,-0.14232209695467168,2.6033666891872462,-0.36233711034561905,-0.7253429207551776,-0.09038763031767168,1.8965381389164413,-0.01650985558063845,2.2725880074484346,0.1954635022523615,1.292228523550131,-0.2159614768094874,1.7134255032472732,0.2459925802972315,0.7304958583522817,-0.27873857859195555,1.4594498588386045,0.8666840847554599,1.1979355130119755,0.3549863748317566,0.19889760050677313,0.9529718190185736,1.8637997512509388,-0.3224737874013982,1.8947382636679528,0.12574354707476548
53,"Non-estrus, Day",0.05377252662364747,0.2563015281568336,1.594363470973252,0.10159837603655036,0.8748590679668945,-0.09542316103559866,1.7120956554381548,0.017179079044273095,-0.40307226613301617,-0.33354177144498887,2.0461091872664556,-0.19718760783169287,1.6576746658488928,-0.24538033984522772,1.204612020918179,0.15531769491913192,0.7036974721846185,0.04823746065801718,-0.8512021085302927,0.030695174344986,-0.19895231023434087,-0.010272198453259145,1.6815235337358614,-0.09142605264475967,1.1683951374237345,0.5883070678609319,1.8422202805936565,0.032014675659480435,2.2426660797369755,-0.5924558055905901,1.4354143731713607,0.06090111544964986,1.7126994338035615,-0.31353325416162103,2.3235002117892334,0.020690672011182795,-0.26989052669033037,-0.30991475488815867,1.9394416827022192,0.10666094713812913,0.8974500923432612,-0.3750190408150845,2.0841997813358386,0.6540941301250788,1.3309271460334757,0.5341217655285265,1.204195623313888,-0.23070584619283444,1.242013132425112,0.20340368124967095,2.6105072873707993,0.5134422592275645
54,"Non-estrus, Day",0.8225317674170535,0.26080413816306014,1.7162631525983147,0.08488974235038599,-1.2880452155018731,0.05593626184449519,1.7862214334313165,-0.02547329780167062,-0.1380671955002473,0.11110042168234358,2.021441447360164,-0.15047418296449436,1.4524332764238814,-0.22688909215846104,1.454899369321711,0.06846984091825656,0.7710154956777637,0.2358149765680964,0.8597771455516836,-0.18013108573530243,0.1287853662595991,0.06410886174756054,1.179394659845507,-0.027550484581327035,1.282792278162678,0.06455389084788862,2.1435704535157196,-0.25770121404993884,2.14136853119142,-0.7208391223665006,1.5184761365654835,-0.6109339337283748,1.540646373244586,-0.3639550023369646,-0.6575589282824665,-0.5515018934342641,1.5617942557679196,0.1477949965299193,1.8210831217542718,0.19273523424568811,2.1633988807609965,0.12859468695451431,2.634763469243368,0.6474192449352926,1.6392940395831725,0.25470507916704677,2.3377617140264912,-0.6149085807337721,-0.23174959076936955,0.5308528874993104,0.3024505439040404,0.0959201887938429
55,"Non-estrus, Day",1.0319112924289793,0.13277249107213562,0.03390175163161482,0.4589586242571087,-1.1164201506848246,0.1325960006204667,0.1618536392351861,0.18870278479835495,2.0175758614371047,0.4734015474766383,1.5587595856262122,0.03619570305896317,-0.6902870830810949,0.20822703014511934,1.4876729746003852,0.018492078334030587,-1.0638664997494816,0.38426016560425375,1.4626046005776703,-0.1892906892537837,1.443915934291643,0.7348642207103968,-0.22658006987481524,0.0986637236096851,1.6458492483541862,-0.19699609473906673,2.07498498892359,-0.24147002391468106,2.0826016822066564,-0.6227936289649931,1.7500440371388066,-0.21675630605319582,-0.49723541908290186,0.12116827540436664,-0.5715598335510746,0.17422847086004764,0.8018702801007188,-0.4853891439889136,1.753062259002635,-0.04530898728478613,2.3175343974412823,0.29656847621616333,1.262353114616253,0.8386979458992325,1.163415195615798,0.06667539022159426,2.2875725492774808,-1.051075020408161,2.17932390156551,-0.851571987785625,1.2940123961149432,0.42122619761017915
56,"Non-estrus, Day",1.668544025811523,-0.1391658233162494,-1.6941317131125218,-0.07410808936375655,0.5242231795585189,-0.27470856984811753,-0.04658450921017236,0.1511594970931504,1.7636765198811395,-0.03192917969567236,0.8596870768027861,0.11740114804484708,1.2340689785812244,-0.31245149557608864,1.5531584230972826,0.049242384765019,0.2677512978227321,0.2412675204450155,0.8315541405939768,0.49916940911745006,0.8754065090499493,-0.6361852376447651,0.13478388134019062,0.14968395947487304,1.0732815073090494,0.5286641476768721,0.21646866572181772,0.3716239820488262,2.3082602850867366,-0.5299978470885609,0.1877523256183095,-0.24807564210049235,1.7187608944902226,-0.44346235801499334,-0.5094173326179354,-0.593477238327041,1.7907467983895071,0.06738712335756272,-0.8458753623692622,0.5598840692825922,2.0733454994757525,0.36543205575760224,1.1242048411189514,0.7211373046859569,0.016558856542527655,0.3447822345965411,0.5445479942572166,-0.2515385907070883,1.3995417263728964,-0.4508301281398611,-1.211309540699212,-0.05970298427435818
57,"Non-estrus, Day",-0.21530656891761196,-0.008712372539813204,-0.1965120269597838,-0.03478847701378192,1.762998951031755,-0.39434985348420454,-0.44868328618265146,0.1819943673290611,1.4058959674781837,-0.000748407843953111,-1.0348235244199153,0.14243766458307278,-0.12153112018730867,0.006868404919401762,1.6957756944897473,0.013075836700601064,-1.3356625225582361,0.26040240727664793,-0.20415932806042675,0.3537448061736632,0.19359083075192934,0.2914726176187138,1.0409838814197927,0.2675967191922103,0.06500811235636803,-0.08717421104329705,0.3302458300351385,0.021560065821746188,2.4551399622271464,-0.22630582756188036,0.09263231328754255,0.6066174535411097,-0.5394497328412532,0.2842068012933949,-1.2730897946784065,-0.300917514066229,1.7125395993594268,-0.11134780855156748,0.2608335706433294,0.11512985343829524,1.1756882023575326,0.3008387680366263,0.5203363170366605,0.3069670182538161,-0.18584396087914423,0.3104745344204955,0.4003784331927341,-0.46639548441008133,0.16589850508958914,-0.08772331467270482,0.581507561932596,0.1153532192647947
58,"Non-estrus, Day",-0.3412913030328073,-0.12859931438808947,-1.4719630445574614,0.15120798942253313,-0.16606923611287222,-0.15779571417035185,-1.0593743165723866,-0.13959952364191358,1.1706920853482323,0.19996308822118072,-0.7290042974768653,0.07765125987921113,-0.04277287433801722,-0.1378016556610395,0.5989968121238322,0.02169176949095517,-0.1385079633260367,0.08316276745817372,-0.09598842560278413,-0.1957626913882011,-0.27604778091067417,-0.3099700140807731,0.2994034646538245,-0.0730934748850388,0.3945655388458605,0.20562266151807732,-0.689382612385227,0.4159842889345456,2.702820684147397,0.056158723033142885,-1.410917688808413,0.09667390755532593,-0.49348632422078925,-0.0794908074893475,0.006341520543189609,0.1012974020541763,-0.9975710504793915,-0.3540643041157113,0.99806246587503,0.057904363899834374,-1.398899206761441,-0.0018118003932385276,0.019914700615007604,0.5638563349511215,0.6886361714900744,0.013782150555481612,-1.1430634957875614,0.23479543004302422,-0.06929402780036445,0.017853976926769946,-0.09246448957732438,-0.09669043879848349
59,"Non-estrus, Day",-0.24848291313377613,-0.22075728991893426,-0.6340505702197407,0.2201032305966383,-0.49509378789902697,-0.43314421210720216,-0.8419194536248112,-0.32374758343369997,-1.0427346000615019,-0.2619259205214592,-0.43675624600952045,0.060533356723920316,-0.6348369400480294,-0.17525645009157353,-1.5617387087412258,0.0727675007639034,-1.5329858723353096,-0.0743603624054932,-1.1401281933482306,0.45760010596933254,-0.21077511093652224,0.8595274459801575,0.9425670870821842,0.483074483629487,-1.0775129134826462,-0.44063317142548386,0.4551569147991583,0.1517721915062277,2.203620020969491,-0.27967199071325005,-0.21155500087346898,0.0012611304651980368,-1.092793899444859,0.1244750761534884,-1.2967924336664434,-0.1566719445144297,0.09314061640827027,-0.10185186476640389,-0.7654503615729964,0.3043105277302036,1.9817776707730066,0.7111536406255033,-0.6047592152271725,0.10813241201610639,-0.21152277529902008,0.15515373415105183,-1.5105072672514972,0.26791321019731423,0.6120046628413286,-1.033905296977772,-0.2641180218292786,-0.20461808319538913
60,"Non-estrus, Night",-0.7833557319800084,0.0980608086034913,-1.5044275069857524,0.09776079211938202,-1.375785726594813,0.06316107679263266,-1.657448766769215,-0.1566314473222187,-0.863883903619147,0.15745070384785695,-1.154993076561427,-0.14244550162373298,-1.064089480563515,0.19571295795333069,-1.5401103004519991,-0.1620311691393134,-0.8237005073276267,-0.6325718698556536,-2.2174354330270187,-0.5214015202328558,-0.9980977069777694,0.6140658212016535,-1.3567331331570827,0.05861959181937271,-0.9212254283636433,-0.37560214912800227,-1.324924524919151,0.16344258290398114,1.8462499765630767,-0.4873575264782293,-1.4620744828517906,0.1270014579978578,-0.7568840995468142,0.18755908507991337,2.1300936826897,1.012130574466971,-1.3305026493975247,-0.10744920230996925,-1.871495888436202,-0.2602915649265864,-1.5463286893348982,-0.009320971310838172,-1.341433885597439,0.26807831803912713,-0.6637584276828874,-0.23995155158724316,0.7423660306761078,-0.027677852789798858,-1.3957007897529574,0.1385019339667848,-1.5015087921607129,-0.32461418499972405
61,"Non-estrus, Night",-1.7050305431678436,-0.0024446439725875433,-1.5632023828506796,0.003315266967193004,-0.7295588913061473,-0.36206870129520413,-1.0506576025700978,-0.353046128601825,2.272714420287293,0.1769057048721797,-1.3586900606830714,0.08359110992497336,-1.2027316608768648,-0.05226647869797335,-1.5016270596932924,0.05727913472721175,0.2050047232546932,-0.06867912186894343,-1.8448717119132454,-0.5863670083952174,-1.2653459431876777,0.28091557497330333,-1.80096669364316,0.4115503802581747,-1.5681643385556827,-0.26282294480582435,-1.220527677072733,-0.206603731630925,1.4583378590342522,-0.43990155887281607,-0.2605532738912269,0.15579423772724005,-0.4318951838520895,0.8647720095522403,-1.3791722452031616,-0.09198650810633723,-1.5984554750176125,0.25685692241232255,-1.3473558390611504,0.03411454133658402,-1.4936231113356713,0.2967787535113299,-1.7161112169234385,-0.12141918810329004,-1.6064065925234197,0.119313446553055,-1.2639867723100922,0.2800493916531318,-1.2781761540592973,-0.3013755003972627,-0.2508306714829175,0.20889481680143704
62,"Non-estrus, Night",-1.465933175977502,-0.4219088416094961,-0.179070670758913,0.022520075449322684,1.171481438966549,-0.7814854682001353,0.2504781120888591,-0.3280210570577292,1.8755551864203814,0.30714652203905907,-1.769345556734516,-0.13067507704862097,-0.7755663715686405,-0.35401623164277723,-1.4838310095385645,0.06690221027819666,-1.4723731547249514,0.046382101413332294,-1.8933418992066917,-0.2263842946239171,0.7543198146169028,0.5607682682910228,-0.9731042953840228,0.2441113664743295,-1.663332691600893,0.03702342637643571,-0.5688741213748975,-0.02806807808429839,0.6946492039366878,-0.2920828346814828,-1.5938419546174043,-0.34111328594088103,-1.2278297862799672,-0.6136494012504643,-0.275739259239522,0.6602780975446428,-0.859662049971859,-0.043328255678606,-1.6767170656762391,-0.2567890207928154,0.6850714210517641,0.3742084737129692,-0.7336849727168164,-0.48911086967234535,-1.534425936897454,-0.09985103553399205,-0.24497840004175647,-0.4966485108252533,-1.3940927428312435,-0.1235622715764471,0.6695051139218029,0.49062302761645255
63,"Non-estrus, Night",-1.6066951469286042,0.01865205021901143,-1.6737171079082138,-0.061037441365649536,-1.6830164234015723,-0.196586956993588,-1.6907980495760833,-0.09883680440100481,1.3846720264069234,0.24036449439051583,-1.5091292462803554,-0.1460373132037022,-1.510586634593477,0.0978273458704688,-0.508344435827564,-0.013968183544612368,-0.7418515244392889,-0.18898996930050665,-0.3487895844823684,-0.5842532885875997,-1.063481284980642,0.030253097720372275,-1.9421276647560313,0.14184887715830696,-1.287956544241957,0.5036560365569073,-1.6047238829912507,-0.19719764920516006,0.4498135104778125,-0.44055021591024945,-0.7111497441780539,-0.04209307609225869,-0.5872656485248477,0.7017995878555052,-1.5547120041166043,-0.21172163415183587,-1.407878573990875,-0.014014394532918414,-0.8866278252866877,-0.21358810646744092,-0.46785963039038847,-0.07389322758579984,-1.3263711447818631,0.1349393106905233,-1.5114982593554867,-0.007707721479119636,-1.5395174579023494,0.2537845632598324,-1.2422101350059949,-0.10354381471148183,-1.6850661313787572,-0.09378466615506077
64,"Non-estrus, Night",-1.7633737967878766,-0.20916750942098228,-1.628735870200621,-0.11887160454487003,-1.8062999973267955,-0.3859333664256475,-1.7502872272589236,-0.08854391394828236,-0.7074326924278127,-0.12080174563486266,-1.7556369450618607,-0.1602565818931263,-1.628352567094953,-0.07856870959483755,-1.5502008602093216,-0.00866223682177145,-1.6230551815696275,-0.03653465589481798,-1.5629275492041783,0.07633833327251173,-1.2206702296415253,0.1571750406945489,-0.5675111862258415,0.41676914694889244,-1.5347641204418923,-0.15977115082824825,-0.6365855311644462,-0.05204590028003793,0.09816425105423271,-0.7149337575398682,-1.7335724733462006,0.3318458689695621,-0.6621572916386751,0.3405675635052097,-0.9451670774105625,0.22270157173103827,-1.3398895000563813,0.042452876206267955,-1.5279824567575366,-0.04429565233204881,-1.4023037396492244,-0.0636445952911634,-1.7364055752338072,-0.14171354641365888,-1.6725475430998813,0.0015354338161722826,-0.9118578469977965,-0.13174092698759723,-0.9474247482949515,0.06466992290348815,-1.2715842442174536,0.11132368294053326
65,"Non-estrus, Night",-0.89046132915925,-0.6899649250483703,-1.6044204339477413,-0.08196652736707467,0.3614892445738996,-0.9514939436203078,0.041587384334587016,-0.43997568080420224,-1.4911229855481039,0.17999514257798938,-1.700673049970954,-0.2942910003771401,-1.3301105472141392,-0.01643177948728711,-1.849264062608262,-0.20045514754658242,-2.1143920541193193,-0.5574591813407397,-1.1656794917668674,-0.39593368342123103,-1.4315285570897,-0.09029551454164898,-1.9666274039829454,0.12374065609649233,-1.7595093167295182,0.0034042351254682046,-1.059013259709735,0.2689973602694301,1.4293110851369504,-0.21574767815373821,-0.9422739905587657,0.027951686441913946,-0.19003946175191672,1.0779092273396114,1.0359559973590826,-0.029902232660984726,-1.3766928465327266,-0.015089716021627947,-1.5353213051069328,0.016172434069638895,-1.318603892842911,-0.28869198563317805,-1.2834593434640156,0.12449848266926601,-1.2044905136806938,-0.0028317224876420457,-1.1111269304555145,0.24564980844779594,-1.5218959038640933,-0.016902022243444927,0.025547372484316797,0.02165859727296958
66,"Non-estrus, Night",-1.337836119725537,0.1879138037290686,-0.7310134722721099,-0.14124213087896584,-1.768648514137483,-0.11499749535281938,-1.2512313373604604,0.045840590116140646,-1.6494842128652862,0.032236443569920156,-1.3732632285207325,-0.1643263445051879,-1.0572197631906404,0.029861502270596384,-1.8511900314108343,-0.3576676338202757,-1.1502061430228778,-0.15066647319262655,-1.9053380540578777,-0.25222631052814565,-0.8123210247511415,-0.5328425880557621,-1.9751046826871757,0.3680834292561838,-0.6844711105011339,0.7504996049952098,-1.8524075119609338,-0.06585685236182928,-0.2302164385184842,-0.8357519284631147,-0.8487738896877437,-0.15997431875294135,-0.12457816515655902,1.0124479307442538,-2.0547651509749727,0.22087170752864715,-0.8146214243856421,-0.10342408424954226,-1.5426738349112024,-0.036722066836104725,-0.8878765052686788,-0.07384165032800608,-0.7742335523272047,-0.09839236212497073,-1.2596105780281186,-0.253513426506449,-1.1557444339732925,-0.30618030996736384,-0.38775093592649146,-0.4377035345682294,-0.9259770190341194,0.006129257001146286
67,"Non-estrus, Night",-1.7529471594970547,-0.10320879328176295,1.0216080104029175,0.07229574872508726,-1.7731765127093602,-0.28261811908219847,-1.7706666120095669,-0.04341360208186688,-1.704144857471366,0.135402006079649,-1.7416577547001042,-0.21068463805690152,-1.438107160628998,0.04670818223552163,-0.3759296342901319,-0.2646615665576432,-1.709089330998912,-0.18842519402861346,-0.5662321627585926,-0.3364749354816041,-0.6292066974186554,0.8628687236160515,-1.785469296792475,0.37627071613058016,-1.4002405083538596,-0.16616299546463187,-0.7144433823920674,-0.12460271058719755,-0.9386877849704275,-0.5409093969927489,-1.7221896778327717,-0.032245451518185184,-0.7560780801729062,0.02027738803477364,-1.0207302403420493,0.194310280781849,-1.4232352547973002,-0.022746038502044173,-0.5214808810349683,-0.28766817239438386,-1.2208826879420498,-0.05750832961442688,3.0208251860445263,-0.49728248434056677,1.2024240191056397,-0.14700779260551858,2.291862400617105,0.3337752773671114,1.9571296091741366,0.16639247394702894,-0.21224968918986925,0.10316532289365045
68,"Non-estrus, Night",-1.6801698079416503,-0.20523482004470264,-1.4137014392115472,-0.08428869347959157,-2.088011251598769,-0.37036186091685813,-0.7779870999470555,0.0022235567122918533,-0.9106135844481635,0.4445492000660674,-1.61928508488773,-0.3765607928587919,-1.5202405615781949,-0.1067321250210369,-1.433885065375464,0.11480491079036145,-0.36962375455591145,0.14124242227854486,-1.457256951122227,0.09201083450968833,-0.843395618839638,-0.6049228772668447,-1.9146179766073765,0.06716609011855952,-1.8103925361460222,0.07924818846112479,-1.5990614539674182,0.0841189076826825,0.825035737268329,-0.4519416914393294,-1.2890406343380543,0.2275250087752267,-0.6868256344458687,0.2778894355781308,-1.4418086913028016,0.2415950571503837,-0.7353706358201872,0.2198008869765009,-1.772244509717013,-0.22176281434269607,-0.15364116132233024,0.10932292771216683,1.7797937076856665,-0.2860974431494244,-1.3282541711796845,0.17883234938777307,1.4442009556837971,0.04417172168520157,1.4595539851192205,-0.5332109746266196,-1.3541134012156726,0.3032541699317844
69,"Non-estrus, Night",-0.6423257925842646,-0.23856964624275187,0.20283294252374556,0.45373311568790226,-1.6888529693122678,-0.3531293464042542,-1.5170073306034317,0.035078447065610696,-1.2333559091870099,-0.19202796262281085,-1.0851430010944678,-0.06414857415342536,-1.0527811983673825,0.09926858172945013,-0.8256976791270053,-0.05037542484038093,-1.6091551026998856,-0.06940215740943921,-1.7667474380572463,-0.1662499665290747,-0.436114817944363,0.9051182246036882,-2.0762224216990934,0.2637699311617316,0.0009797307224015846,-0.034794171904935126,-0.5230293482865939,-0.23402274871792692,0.11621561378114442,-0.5104182640481914,-0.9284303651793117,-0.09281538942188071,-0.9268431376712404,0.17217317310968666,0.07496264911391626,0.5318617767445645,-0.9434667378162562,-0.09602407489566483,-0.40363824428168,-0.32365619358385317,-0.5907881823740353,0.015057549509457348,-1.475134546854579,0.1062193246307929,-0.8439333223590436,-0.33662821808910137,0.34399586293776335,-0.33799888689070023,-1.085497744050145,0.21990238322669542,1.5597723754753445,0.013649679369921397
70,"Non-estrus, Night",-1.3290903044257834,0.019823643288171874,-1.6190313973044668,-0.04097324330542127,-0.2508797643575661,-0.4118922584013141,-0.9424048483211112,0.19383676821355675,-1.1108111872997122,0.29766716814039423,-1.456690668421241,0.011986914697267185,-1.1570160979496436,-0.04458126580134503,-1.619013739867952,-0.13877242600847595,0.9753696059753479,-0.14490288814686333,-0.10651907217563931,-0.027681730376811327,-0.9199688076234444,0.05660644615589608,-0.2527806847493867,0.14312489289371153,-1.1157687772791312,-0.2393005126905367,-1.5733582267447457,0.2423481579168977,-1.0158225517554895,-0.40991141842875956,-1.6739564486209142,0.3444378887272069,-0.5535885136725097,0.0673491664894178,-0.7913910749487889,0.6672166283059207,-1.096216444146088,0.030629946260653323,-1.2999055942007476,0.09876953083532175,-1.1180010845659876,0.23511136671036661,-0.8417120113101281,-0.36890721609282023,-0.5736819652184094,0.36210088889332515,-0.8344207419781321,-0.048103178754028496,-1.0256081327735977,-0.32872554922787933,0.6849918970184475,-0.2623097576554459
71,"Non-estrus, Night",0.5455354739391034,-0.024322545004115168,-1.4796826278446207,-0.0044398747323885135,-1.3215893460030135,-0.21708564736892705,-0.2195138969028995,0.16763858005409368,-0.7801985629150738,0.009092139272251689,-0.7483239262486644,-0.028248601926909093,-0.36725219708086587,0.09391289079353143,-0.4167751874328623,-0.10016113278132562,1.4405344044309814,0.007205453858339193,-0.8638782646007537,-0.040133598148252334,0.7406878739883057,0.8092798786246718,-1.3075984271344736,-0.2370325987308801,1.1245880231666363,-0.028513242275537365,-0.7001747879301102,0.16001897081830765,-0.20930050074133844,-0.45929964349383123,-1.0530468649144065,-0.21814981289693283,0.15960512915249314,-0.03624523981733283,1.88140396983754,0.12769968496452677,-0.7012451201657386,0.09233311281679207,-0.5454056519527842,0.160019468538622,-0.7037051930140381,-0.31373651339960573,0.45559700421262833,-0.9389402274387285,-0.3056784198051266,0.20162668446481558,-0.41390237532847324,0.04626135484425764,-0.9791919660391529,-0.2409301895197182,0.7253074635752551,-0.7402306441843819
72,"Non-estrus, Day",1.7817475784521284,-0.07474460881099605,1.4579312585775976,-0.016998511715473202,2.214110785312423,-0.7834747083061128,0.1803457140324583,-0.019240830885076974,-0.19556167360292182,0.19083295283775406,0.09797227189081394,-0.07943042914319981,1.2825618703637864,-0.4350951789311942,-0.6241035404642977,-0.4484732977273316,0.2807380070984692,0.26188975304881185,0.9870952562786728,0.11333735762819377,1.6998975907968834,0.94837569298153,0.38616054782242604,-0.19299547905463774,1.60567661468067,-0.023699546830070712,-0.33196555643152825,0.19956366524826272,-0.6445642625781652,-0.4457949927561561,-0.29970420399794295,-0.030531059072098653,0.24513337800212134,0.45556537886928977,1.877266037311761,-0.1523782830132441,0.02882000964191942,-0.12786247590836933,0.5402888296310463,-0.43124263021405385,1.6346914761471971,-0.6691902400744189,-0.13703130080002474,0.1979458686245959,0.5025187274380538,-0.30417460114016726,0.1489409028361582,0.16389845025055172,0.29338376756437307,0.0008168250032874679,0.1035014283777413,-0.19811199750031142
73,"Non-estrus, Day",1.7388294470673804,0.4839860968069292,0.005454547196196861,0.49450876119001336,1.204734948571536,0.2282593287402769,2.07768474224134,-0.04162073832392424,1.3403830695082448,-0.19500629242466824,2.5149102611917153,-0.3435337963954784,2.3342613859885293,0.1396403633931977,1.634115417463904,-0.1446168919192244,2.0814775456904653,-0.03809406399150568,2.5083700344503015,-0.29203757438562683,2.4599146293934195,0.43868067188942284,1.712141275489022,-0.2955190612877434,1.5058839537892088,0.41888719321775003,2.015289878677382,-0.04936569043895661,1.928074012012264,0.021281193611395244,2.003329927637411,-0.07654340459892484,2.2847078043957696,-0.0236419553481159,1.9555581166718703,-0.47396802039195635,2.125338024156842,-0.2792482647975474,1.7180367222584718,-0.057057516577084626,1.0331581236342349,-1.0367030273783304,2.1672902491153407,0.43337101416801244,2.283760920545446,0.10044548798833806,2.801328015240787,-0.6783969527013518,2.3941668485671093,-0.06350551458930812,2.451711923015839,-0.013884297855257155
74,"Non-estrus, Day",0.8857066175848898,0.5943144454976385,1.2815781170793445,0.031163609947274917,1.0252744452618718,-0.3984477866719999,2.378748362339615,-0.08661921122446131,1.5089709873330441,-0.2978430993134095,2.0224714452175494,0.01104600295651129,1.8603837921723245,0.3138633180150114,1.6270039542921124,0.08937439571940833,2.1746197255075614,-0.23605621105667093,3.1451109913863062,-0.8384235890867009,2.276884193477481,0.16626895584920648,1.3512833914567017,-0.29987226544452467,1.3064931616163296,0.040853007394237105,2.4590003436947567,-0.1423856186183313,1.3719362698981563,0.015412216598200393,1.81891310573194,-0.6572541309645147,1.8583684131536875,-0.15181569887198784,1.784458535913919,-0.5306835194150611,2.0671279213469638,-0.24211544616627587,1.920270924808653,0.04296026194534347,1.0823470763448244,-1.0505550942049946,1.8403502961809641,0.9259867285815496,1.7415599012288068,0.1701985883175403,2.9952706145683066,-0.49313525387329826,2.035632357966755,0.0027052403346605643,1.8602893637740798,-0.15450520597428088
75,"Non-estrus, Day",1.125096102866923,0.354010939115378,1.7923361732855383,0.3446839583297859,1.9215831919516149,0.3691222250451259,2.0113739196804357,-0.11220393240333255,1.2019637014795015,-0.2301267417845354,1.7796804611121477,-0.014238542062668991,1.9336641300936743,0.0068401556304334135,1.6105775480754312,0.10257502244129646,1.6696755473493083,-0.05189440885757201,2.8796476729740195,-0.7549749196530852,1.3072519966456986,-0.6949436024085257,0.35715202987318684,-0.4378952772472247,0.23893346328489007,-0.05642154383476928,2.6017436690683224,-0.46878441470562854,0.22503333831203437,0.024073691723961416,1.1268675577597502,-0.5581477174963962,2.3308785446780216,-0.29928739574755786,2.6282763796155253,0.117355639915586,0.8971628193056136,-0.46124373951503433,1.5996532381502022,0.17978637390614471,1.3123190686013528,-0.5139884849794519,0.6000965888146472,0.7186992059195654,1.7998172727140398,-0.24616554771428836,2.587726429822624,-0.6241307512788439,0.11674784377286318,0.2598794625232608,1.58122168859156,-0.18878455003106304
76,"Non-estrus, Day",0.8739399748764212,0.6862102713267922,1.8954878083316222,0.1907970911588357,1.6504448433614738,0.3828798545782167,1.8559425653410067,0.045671957947520866,-0.13526346418423324,-0.0990552013248732,2.2975140757799175,-0.2978000112125798,1.9143903126502766,-0.17406264944298408,1.3558572525755905,0.14412505632714706,0.5655576827366415,0.1907031535162193,1.273040589492882,0.19990229167859463,-0.27926608986169926,0.3399738207065351,-0.6028673765136334,-0.5506834424158903,1.1033746026855664,0.23565132168528236,1.6007417911855126,-0.13259872040196838,-0.3752201713099728,-0.3939923873801753,-0.2948767361999825,-0.26118257798232514,1.6617970195812233,-0.11441574848427048,1.2305426041737235,-0.5518347793552006,0.09085716375127485,-0.23807627956882682,1.4961042131723392,-0.22939987935272282,-0.8135874037623759,-0.3452018461869689,1.5149807004635538,0.11155136392234667,1.7194002432646045,-0.045325387523983074,2.5918760361711723,-0.7514347810650697,1.459505136701962,-0.33123199852514573,1.4506752996096772,-0.6119979795324297
77,"Non-estrus, Day",1.0265457549301298,0.5095352689668758,1.6024749380146752,0.3058984141579137,1.8249335520628711,0.04331712449204377,1.6748369901995357,0.08957794944725256,-0.883019632759644,-0.005576480916461118,2.250594259137636,-0.2444134603150992,1.9395611166380853,-0.28833646223401505,1.3108622530849825,0.02353004175191438,-1.1456769831149514,0.32631069263896906,-1.107063157106084,0.4865113838955665,1.3834697170240817,1.2221369311516623,0.8547591601696257,-0.217253934105097,1.257074156676774,0.4064413086430562,2.0368207361384534,-0.2584301130179703,-0.2323279055373284,-0.4840377283885887,1.31505819575358,-0.013148980740461714,1.7112902002636017,-0.2896026309549908,-1.2350217481141468,-0.5148234134712065,1.8974342886117106,0.007872602487480547,2.073162969018199,-0.34761521565603576,1.1622826060953884,0.19056526370503202,0.2518616399760974,0.5068098653920611,1.6290288779705189,0.202690803467244,2.897818542590447,-1.4216221500246127,1.1736866671644475,-0.251939941823987,0.8172280517897386,-0.30540408798796986
78,"Non-estrus, Day",1.4619271938572969,0.3635938451144332,0.2879082282174771,0.3321284628642635,0.9009982882190266,0.3952203713739768,1.8164836995758251,0.021878454416853085,1.3047021190516284,-0.031056781289513186,2.1873308924707837,-0.1723318196638815,0.8745883404683441,-0.16169160411184935,1.2963630655253917,0.1735119680926555,0.8944051007987773,-0.17241873002701857,-0.34176171582957415,0.23137286556286235,-0.019491750108790857,1.2192270546327955,-0.08943702536999718,-0.2119545877849564,1.042026785195803,0.5199816955194744,1.8402878858545169,-0.11702160462247141,-0.343970902033956,-0.16202331984973373,1.9592343262461784,0.11196828575817029,1.559130842537885,-0.21961591120226778,0.47425336482040353,-0.30204702805879113,2.164062879221426,0.1417124112713004,1.9308457683682172,-0.15089774255059854,2.301176927359968,0.32787616724836843,2.0894397750200997,0.3525565051094881,1.82967797490889,0.26380996648277516,2.944692354082197,-1.4716270061800332,-0.66291203490106,0.47940539065583987,0.28237903261568487,-0.6025454302424075
79,"Non-estrus, Day",2.0399530234405177,-0.23118903797309823,-1.6088448749908697,0.008031338526666588,0.7475129057863912,-0.12573953356543632,-0.03848141717079659,0.16780733216953372,0.977928841948418,-0.1009459439316992,2.0067400303480976,-0.22219185099916258,-0.38509713526879785,0.17431302351796407,1.412941791377183,-0.04602288663449281,-0.2865994823942226,0.5067810575784277,0.5353614058377765,0.4466638288947933,0.5958401620451726,-0.5833125563342908,0.5571749821637437,-0.17999357712828437,1.4121801825074296,0.8736895818632674,2.1034118150181036,-0.37737546635448055,1.808367879024972,0.09830327198142401,1.2763232511486198,-0.5673531706395721,0.17723064836591018,0.27025464630721124,-0.882550521508961,-0.6007731147014677,-0.144235319263304,-0.6272728803206118,1.4470675911127633,-0.10638905502895206,2.30060974771048,0.43309489355409736,2.281685643488129,0.23373931489169866,1.8151897071449437,0.08562122506132346,1.2227220528664897,-0.8274318569698128,0.9394944758837201,-0.38146711558296165,0.7691856199636059,-0.7206290165027018
80,"Non-estrus, Day",0.559237553099591,0.15605252278549148,-1.4678240639321196,-0.17932765120614075,-0.545217658126442,-0.18392085894426477,-1.5327096059875136,0.15039556491564687,-0.744095813743819,-0.2425880228041097,1.2438460130790288,-0.10450154691915939,1.4826749138888764,0.16275194199717857,1.4146117562306166,-0.09849887853085787,-1.3849484154936655,0.1443056852206994,-0.37006480881527015,0.45506444374253546,-0.3967924071614463,-0.45853993345044286,0.43526086157070354,-0.13253246634618485,1.7620533865301642,0.8765947505645539,0.23271796836431746,0.4819667610295216,1.2039082451624883,0.030997189129355673,0.30589795649528606,-0.632835591068292,-0.4984715384936611,0.11570884653584237,0.01573504556305565,-0.08572046837450756,1.3992987901877867,0.13364274708934476,0.6919232818179186,0.09687211641167226,1.1457687886492216,0.1377644203788838,2.2967553732694874,-0.08316287121470499,-0.17216175652171054,0.29119691186702207,2.2564044241359844,-1.2992656580363122,0.8445747148400217,-0.19768584159780608,-0.2146222192653384,-0.5850191431456611
81,"Non-estrus, Day",-1.3315057035120417,0.09871214109416668,-0.0272529406623749,0.404098752425577,-1.235103388450368,-0.42788244959704513,-0.12457645909421197,-0.0379141122719893,0.09320401175345297,-0.44070081903774033,-1.066769198508639,0.2752056045596431,-0.5445621777751951,0.1558771957083485,1.1312127792719353,-0.1489680792828574,0.05608989299915562,-0.20327734588436988,1.0525257138965722,0.29091928977573533,0.8717630848225746,0.23593582681737463,0.7767183921011785,-0.20616853220465187,1.161559715093104,0.6117829794709968,1.235021185400042,-0.07158553209027016,0.5760261345013477,-0.26187673552475965,0.11312134965866782,-0.027639960934931675,-0.13017564650332747,0.26692663239705444,-1.238116437650868,0.0025140532411989307,1.8489714627907863,-0.07313931736018167,1.8052606807187823,-0.7096375775651667,-1.0345902271696326,-0.3552478920207622,1.9773449733200799,-0.15820099915217492,-0.8210300835966795,0.11145678782396444,0.6774697441392427,-0.6679938295769939,-0.854595746952696,-0.06278442658492231,-0.31437439847674725,0.05633715121643782
82,"Non-estrus, Day",-0.6126874391271003,-0.16218155207254215,-1.7631092849974146,-0.27842430119149586,-0.787206274232152,-0.09353083390620423,-1.359858880205659,0.1694409160313628,0.6884900372579079,-0.18984549888965152,0.09624640922484806,0.059272622746501614,0.2751860523549398,-0.3617752169040295,-1.465203570288853,0.1090269515136697,-1.0686477008745445,0.3813878453112054,-1.0492236058321043,0.12205217305175732,0.15993857320550872,1.0750052843009703,1.2100040284524225,0.09857657215958052,-1.3984546081580576,-0.3227054459591789,0.17755999155506275,0.5911410527545804,-1.1511801784180895,-0.24304889431056023,-0.2863041216371539,-0.08784646509776907,-0.5197777851499281,0.011625734507380976,0.1185256246946197,-1.6969565272214115,0.07922306996936887,-0.40208622060864707,0.15466431095912342,0.315609865837349,-0.6216897746348041,0.17235646435503565,1.443683366150621,-0.3702648128053641,-0.5821018491813194,0.4371792331047131,0.6327970096496277,-0.4956440515799543,-0.42899370776952106,0.09993803370640783,-0.8922625143433339,-0.2666474132299687
83,"Non-estrus, Day",0.29940958270231166,-0.12613401925715761,-0.43144162253560825,0.051317770995750224,-1.7674478394537265,-0.11586128427865126,-1.131639886229926,-0.13211415828738127,-0.40841824098130386,-0.22256286427319893,-0.9250058609667936,0.14666967799433936,-0.5027592739507561,-0.0732861444351863,-0.31517901612307764,-0.1783704027538916,-1.8839095118488358,-0.2887990224299592,-1.110923579710833,-0.08502934188391478,-0.056522222466872066,0.5934719594433018,-0.392346207234403,-0.032304148184372126,-0.7834561904557644,-0.06241412756319429,-1.088638616898387,0.5839396629107902,0.02318349492087952,-0.37165322952657276,-0.12259381548366739,0.11642653236368304,-0.9534246196927015,0.21823261376178352,-0.8267846998539986,0.008106029412572149,-0.8572330570362645,-0.16619887249195553,-0.4086430198781939,0.4040587436522405,-0.7187681961074843,0.5208704200017996,-1.4717383123915022,0.16296818843297461,0.15621708137279616,0.06475199676125927,-0.5435311468346087,0.3866413389520775,0.2601306729622436,0.4835866074851494,-0.394199361159574,-0.21500264904133234
84,"Non-estrus, Night",-1.5577795049496195,0.16716496589100643,-1.6020234014680512,-0.12258410138084738,-1.2273334414870032,-0.4221769662432693,-1.6167220748057785,0.016538761714836866,-1.4083094400008338,-0.13887567010037227,-1.5384232492159138,-0.2175655761560029,-1.3230689629696581,0.2029459257613368,-1.5327070057517513,0.10690731288071698,-1.649165886274069,-0.26498672879283075,-2.01946352013126,-0.29989164354692505,-1.1594013015665556,0.3985761294865926,-1.419430458331422,0.1045780754517115,-1.409418649423098,-0.17695344153071568,-0.33860637900702606,0.11340722886583901,-0.23147738652951858,-0.37512924980914936,-0.4532687113578059,-0.3402439798741413,-1.3547671398094523,-0.10202236476587917,-0.6055108119370656,-0.12359008441569312,0.049469703781305135,-0.10836496208850328,-0.7407307754939518,0.4626198957069058,0.18837270070823955,0.5814165520074138,-1.446974827479676,-0.1931468194371414,-1.6997041089660994,0.026015930110375417,-0.3348153595037844,1.1112506416797499,-1.7481172152297972,-0.22365077220975296,-1.7052442448242064,-0.23568259714373324
85,"Non-estrus, Night",-1.4540302719174376,-0.0380406092673734,-1.6918116316885012,-0.14103103302677356,-0.5017501659880926,-0.51205681653187,0.016110479045308986,-0.48539031984649805,0.061875871215158085,-0.02672277059288106,-1.3526679342189571,0.11284207939829562,2.1709487800133225,-0.33266883658057544,-1.6861931600486881,-0.1640653513450281,0.7169908934996381,-0.1999857920129945,-2.254418215166189,-0.5597688884773303,-1.42512863218134,0.17385449399439437,-1.8055023017980396,0.24261072152323115,-1.8318163193449355,0.11232031415564243,-1.7782279475899467,-0.11095070870123111,0.3855685809531763,-0.30008376028335704,-1.2636724974907694,-0.16027196672677088,-0.9070376977785526,0.12862897113589938,-0.7726230756629623,0.26359596997248563,-1.8185681717750017,0.3685721576797322,-0.4557629010758132,0.049277546569106344,-1.9694668521470784,0.43012652344776897,-1.8576364350465517,-0.254052301336553,-1.189959289123503,0.15122943599238886,0.5408729724264095,-0.645854135013874,-1.6221613853295773,-0.006417310749864593,0.5611715084303972,0.22348046350214307
86,"Non-estrus, Night",-0.21394968962622962,-0.3976141983312458,0.3393585315822496,0.13388422121820326,-1.1988135237709745,-0.2697892319519222,-0.9706645247425131,-0.06085859868854902,-1.4700785342218097,-0.04584785100815618,-1.5961731571780042,-0.0007927940092698893,1.5023732299293777,-0.10594656302764885,-1.0779668215846343,-0.08708236212428293,-0.061344371962221235,0.09351552970147026,-2.1803156566400657,-0.4593591939504262,-1.5068841566009854,-0.2959906449782968,-1.7759991503136592,-0.01514936007933809,-1.3097635507846919,0.19098920858300017,-1.0587287566106185,-0.062033194160311125,0.9448234134452781,0.0786943217896417,-1.2542969407327411,0.017815668922810952,-0.24116798845533519,1.06816913332229,-1.5266537503117834,0.06765987990321491,-1.7272552726816608,0.30837334475481104,-0.9064565837927125,0.2503400725044161,-0.3838549780430499,0.4197242931694862,-0.02146636524104902,-0.08218786341478816,-1.641091506238847,-0.14499159464169156,-1.3268629390779254,0.34118608916338716,-1.003056745716874,0.09057927634153609,0.2047931329501848,0.13009781567766765
87,"Non-estrus, Night",-0.7891855558022857,0.2080890378526747,-1.3649004908880518,0.10299830501797927,0.8641144886643868,-0.41583728177640206,-1.6087783589491065,-0.05526845744056277,-1.736719682373251,0.23157216778854028,-1.4600940225453714,-0.22476072601936295,-0.9551634961652636,0.19847088184951048,-1.446663721842806,-0.17483326037878183,-1.8375831554923647,-0.3045112931139703,-0.4419708715792102,-0.698203367264005,0.14801018784604764,0.5285383732363708,-1.7316651055536552,-0.02904914749025034,-1.2639849437200301,0.4763563381790936,-1.1533188475327838,0.3350482602903483,-0.8860389708420116,-0.30493269894728814,-0.5277767927076717,0.316094306059344,-0.24991124902930295,1.016348116279119,0.004018559484130509,0.12948133168361323,-1.1626876938898643,0.0669907900349908,-1.975176082979412,-0.4024294239554854,-1.7799621275790274,0.23246713290650423,-1.4761661723864883,0.15854032843798865,-1.8475435744857518,-0.16357264949642583,-0.46001087058956136,-0.06557395848421736,-1.7383722935769947,-0.23094434178142179,0.4177233541034794,0.15893102747193769
88,"Non-estrus, Night",-1.6371102985646744,-0.01582829626167123,-1.7142393885045006,-0.27047073770455865,-0.14530080662892067,-0.7543019039534029,-1.1973904041913135,-0.12381023659470214,-0.8338132688423414,0.4334999953963028,-1.5568709336389883,-0.09241677652215452,-1.543883298284142,-0.03212979081461901,-1.502807408291749,0.016255534935507167,-1.9360261805685157,-0.4802639918867216,2.2120948780791867,-0.0531720564020391,-0.805479903691577,0.5987261706518742,-1.039480128710441,0.3272260413427479,-0.9125265591500737,0.38781768422420954,-1.5194329456521116,0.1571211148474118,-1.070479658874313,-0.14894804732649547,-2.235226480921347,0.4960661302110102,-0.9847423021081813,-0.2109208195751606,-0.08667172477055161,0.23676009262138192,-1.6887229157655341,0.42842245927772854,-1.4109266941005065,-0.03755266412081188,-1.6532281214973805,0.17776600958824323,-1.2943864859269816,0.04391651856913574,-1.0843607110457927,-0.23097742421132592,-1.4432144278981693,0.24963717319876091,-1.753433680665609,-0.08657413241248213,-2.1873827333839837,0.27481919919201525
89,"Non-estrus, Night",-1.8099841554469187,-0.12569163305241945,0.46200214960794717,0.14112279743217132,-2.065502899097796,-0.5997180687856986,-0.9905577264834869,0.027481611372574457,-0.8715020214920646,-0.09039041257177696,-1.7956678358083888,-0.2763091406697899,-1.5861717254021206,-0.24555479307026534,-1.6993351493463973,-0.2272668100906645,-1.9726175288937853,-0.4004136094590869,1.8540505315690121,-0.0982999431134588,-1.8724910602151326,-0.44924662742190963,-0.9826408848829644,0.2551696688407256,-1.7863849433857355,-0.00799326356101461,-0.2513106553144724,0.2576891424533561,-0.4240947933433775,-0.011775624526236341,-0.6927670699086446,0.1672573130075768,-1.2443677767677306,0.025270236106902936,0.3535011397172475,-0.1746594122824006,-1.5571709994016276,0.1734178784391233,-0.6752062492423362,0.28727799702183565,-0.9408763730859208,-0.11054310821611268,-0.23485224864570017,-0.28059295954406227,-1.726233530859518,-0.027980014208799094,-0.5161091616267448,0.0221826730411818,-0.2334807786926862,-0.17432458097718342,-2.050149046266345,0.3779983113183238
90,"Non-estrus, Night",-1.1206195206790146,-0.5542555805529957,2.1027579684236817,0.34036473034503084,-2.187300544313188,-0.5398429163572906,-1.368684436278014,-0.018824243818153768,-1.7383509997948192,0.19116588969361303,-1.7945981505670432,-0.2382844779137955,-1.3266733856311412,0.015528144618655499,-0.8650871416445878,-0.3972730568238017,-1.9120588055535832,-0.3255382798787738,1.5754084573617173,-0.30078978152902136,-0.4506784529764876,-0.3249713729908056,-1.468268149885394,-0.3107066575679664,-1.7453693896949096,0.20392661979557053,-1.8116277472310318,-0.022426567171696717,-0.9170358524868137,-0.2729195302877891,-1.5987634031189693,0.17481893890142888,-0.5353718390773562,0.7612953543269737,-1.8876061076666346,0.10900758649726437,-1.7501742467757386,0.21085069497113387,-1.3889487057782177,0.19493043507051336,-1.676203966099849,0.15725030233357312,-1.6581648882807258,-0.07088294686878681,-1.5944951779821572,-0.03467293435724833,-1.8485432530749364,-0.025478144486013193,-1.4972979663472126,0.07463284508385903,-0.20603690745081468,0.09386810018121486
91,"Non-estrus, Night",-1.7350823253340169,-0.05892019262874274,0.843084520215012,0.48758365549571725,-0.5978348296434293,-0.4884025908310658,-0.5338009861666266,-0.39871842880136027,-1.837539115890371,0.3022107634989457,-1.6788794732398398,-0.3675245086836957,-1.6346436955832806,-0.18152031107758826,-1.7191286167366402,-0.10505484374086907,-0.5110987399964152,-0.09663104517870755,0.9801977435639511,-0.23139916478075923,-1.860317322351482,-0.15442649103472017,-1.9385269438867325,0.17172583937300853,-1.8376982332302247,0.11321008125710093,-0.7702422857268285,0.2503079608655565,-1.1421141964650328,-0.1718282021025738,-2.1839468700899443,0.5322693425031586,-0.16308324274131397,0.41731066662606964,0.10321756060314853,0.25920330879119,-1.13219112495625,0.2141456163210655,-0.9795578528849699,-0.20632579764247977,-0.7842476695585624,0.0005730543770395166,-1.4938433347257518,-0.05624515895963415,-1.4452713951925358,0.061815125374921766,-0.6385722748820448,-0.34101403042387135,-1.6300874024786391,-0.045986240172945156,-0.0909724063756186,0.10171126613522764
92,"Non-estrus, Night",-0.8937813144397523,-0.3518085433814094,-1.4548720115337404,0.07492585225312752,-1.9114017773749563,-0.2660086130286469,-1.4082341231375635,-0.10394589354174398,-0.5038864823791833,0.24693218851504076,0.0038439374714303383,-0.04791184001277591,-1.5823643767611097,-0.11814880682982773,-1.8022710209548802,-0.22191076819955008,-1.8377343124670482,-0.23880606138414195,-1.2060824613630106,0.22411091921274132,-1.129058404088409,-1.1790900174852381,-1.1235286104584772,0.21193013745423303,0.1149911178196414,0.7547730088711423,-1.43244836169749,0.26265934202364954,-1.4611329512482027,0.10247392403393925,-0.7468050585233394,-0.05226209766883346,-0.6743166261256354,0.5167678308345691,0.21395828525552815,0.24025215511855616,-1.646759754524889,0.4597279525627181,-1.2781944713840623,0.01826422962425396,-1.5976086132920324,0.07593672753468564,-0.5252026077286581,-0.46291665492612816,-0.7338559129735129,-0.05186372607576326,-0.9834408490943138,0.09430694518329764,-0.34052569301980623,-0.008753635712760777,-1.9486916305681052,-0.0030402810287760863
93,"Non-estrus, Night",-1.4658452139199991,-0.0966052919829808,-1.799157645054131,-0.28194942219217917,-2.0130500170906562,-0.3119163352854541,-1.3016841130940828,-0.2181350786209624,-1.6357424893483217,0.08747949218258978,-1.3263554417805572,-0.01605633372483183,-1.4808323870811966,-0.22578374231817508,-0.9200514168859627,-0.14983727172667802,-0.2933778629196172,-0.3456315315295341,-1.9470333456884388,-0.2676144661579266,-0.2629348566573367,1.5176449193469925,-1.0165953748036614,0.021302694089414816,-0.5199995552646022,-0.3358550563220176,-1.0840770910972317,-0.03834690013265358,0.4957839675560228,0.3874861596507452,-2.197134041269122,0.32883238023354255,0.048244625417428834,0.07298486219249954,-1.148004324316085,-0.05442110672741105,-0.5267838687673114,0.3474469865823581,-1.5666816991172106,-0.10829598974809729,-0.6134247546990564,-0.10229431070568697,-1.5225859325341187,0.07655214873095476,-0.7413384066679202,-0.02418907106520269,-1.3670543641334678,-0.09088598701091483,-0.17269115286590347,0.4377819394699958,1.1390325174076046,0.038653862277681084
94,"Non-estrus, Night",-0.5621710990591475,-0.37387027948210577,-0.457441188683705,0.10505259737212114,-1.0095898701576045,-0.32830121148918867,0.14985478572712282,-0.026945777758392006,-0.7368596558173947,0.19965472517661348,-1.3579881033308898,0.08112549777589893,-0.18030525179845552,-0.18976574555264383,-1.1503045517989265,-0.1655498232913828,-0.26108941322902923,0.295589903573783,-0.10878044462486938,-0.38716631799453166,-0.8537514575464152,-0.5815954664086405,-1.5822116906480796,0.2840981493103697,0.00032317859735998095,-0.14895699580799446,-1.3362104107630128,0.2290217904068144,-0.6225304442510919,-0.2777831393349369,-1.6572552776422513,0.3166277878280934,-1.2447802106872865,-0.06805500588348332,-0.730177359944271,0.3085162314513835,-0.949080657032018,0.16653197525930807,-0.4131675579970529,-0.11660813361665981,-0.21430610337399622,0.3398767442057811,-0.4758794541175314,-0.3543128020493294,-1.0273480787631977,-0.2904228470139361,-0.43402310964372043,-0.018504010611101213,-0.9698159428939004,-0.2230349207622299,-0.9378594810748431,-0.3304517764914917
95,"Non-estrus, Night",-0.3818315389620378,0.1703042192078368,0.06967665559993522,0.5304041775126908,-1.6247716449746556,-0.3282728306488261,-0.9613419479481646,-0.04726365037569679,-0.7691913958275616,-0.045030510396281705,-0.5988640652634659,0.35138797614953377,-1.2874588696610423,0.10386519604493673,-0.7459522268527006,-0.2147975888529047,0.7591060335536602,-0.19318494735124614,-1.3132323772057244,-0.00765174610735287,-0.5197454132118351,0.6311040448384957,-1.1303443570011114,-0.055162432144959125,-0.36335288233488067,-0.6006649095680661,-0.711588089707285,-0.019702380183526866,-1.3201879649807213,-0.09843199610065032,-1.0861846630119063,0.05382997849026271,0.21999288088850907,-0.303586302003882,0.3230015607430358,-0.1231477628429457,-0.9754483457730447,0.16580029862783982,-1.6165346151899658,-0.22393175296742648,-1.0751609328211233,-0.09721942708357742,-1.096080233620189,-0.19645440369004358,-0.9564678099010421,0.21113249348407243,-0.6666809649934783,0.046469008306553095,0.022615397812047147,0.3641237358187906,1.4198403172412033,0.14682856908597416
96,"Non-estrus, Day",2.4680870675459796,-0.5673116246548154,-0.6055190978980509,0.25283124989329997,1.4354480437796817,-0.5835816988938388,2.0128852860904147,-0.44403322735836565,1.4339600940019401,0.40234229144250366,0.6588192354287928,-0.17849377836681588,0.3644454822753727,-0.13307117020475623,-0.5719659371770004,-0.19201132934645376,1.7027320288094914,0.09474048210749289,2.5767615768406467,0.3855718543385776,0.8172716853363025,0.5197414120924367,-0.04076661213058484,-0.2012781991936395,0.510561477315367,-0.47614991245221727,-0.43926706980745567,0.14924834176729884,-0.19635519611143384,-0.06202154334267862,-0.8158864638546215,-0.6386075576441586,0.40224694128232247,-0.2691480726318442,0.6154111498134106,0.1738865195590226,0.779210541157451,0.236835693644315,-0.43433982430565027,0.04641157208514979,0.7346951948141548,-0.17828636839758846,0.9071083444769024,-0.4237021354638571,0.39458108275286163,0.02295746939861434,0.43584417677933346,-0.1891046554812095,0.7636708016845107,0.10721036797221424,0.46424176188342403,-0.3738155136103717
97,"Non-estrus, Day",2.17590306603107,0.006390875732770699,1.8671033819670717,0.24319619406249535,-0.5803053476931914,0.23723790920807455,2.2101611583415677,-0.2752398318972381,1.3974906039103259,-0.41810843476368115,2.1682475867540503,-0.09975098510869594,1.881618628759817,0.37471310255103746,1.8259894629941318,-0.29294291426980795,2.0482998814202227,0.1358418420118593,2.395330334095539,-0.20085267955339653,2.955630540839975,0.1947821376964089,2.0199620370505693,-0.13008712107091322,1.6023811627772337,0.4105845774107301,1.682164033772727,0.3411005502994142,1.9941156027772324,0.5660280986791744,1.7803956516252373,-0.1479957714787021,1.8565446854049312,0.27882746185439317,2.217958293894344,-0.42892842975455864,2.0489471294795534,-0.24099721768154747,2.0097250535876694,-0.20156006401978457,1.9569630345106246,0.2521247624772157,2.185696496675787,0.02199219205233727,2.3512381674909837,0.015208870246672687,1.1215775670334258,0.45446436091833314,3.438114127965084,0.24048443163162206,2.248206103990331,-0.07510268473881516
98,"Non-estrus, Day",2.175613506259704,-0.03658322990702816,1.8255864879108612,0.37163945249265035,2.932707092346743,-0.9280176838309573,2.2141441361650998,-0.18144136926341334,2.3402283076146464,0.04903014193139604,2.1474344703880135,-0.06629834269841539,1.615724552493493,0.303724570191502,1.8050714193879998,0.19490671120707517,2.0834330456731838,-0.08863278688919567,2.2834996636009306,-0.03161237067124745,2.3666903724195167,-0.06313604719881835,1.6847714203029869,-0.33673720583149913,1.4446538252933399,-0.11894029234603873,1.05396470322881,0.5504656851884495,1.7648877100918556,0.330812825648136,1.9480969530782921,-0.3934595823749139,2.07874041712924,0.17076039398147794,2.0153038832949774,-0.564678943490159,2.076474824851753,-0.14808328917599198,1.8503585792083512,0.07830047177955994,2.1962075084128228,-0.1135170340097917,1.4516129160450972,0.36088926813030886,2.147050388281828,0.025259965958413087,1.5037323699517162,0.25251857308682674,2.9163988878591844,0.22627282299747822,1.4898107061030816,0.08631261614941976
99,"Non-estrus, Day",1.9471763618764992,-0.027206475880391885,2.3418304621010364,0.2017479962749071,2.521127237237974,0.07681799098919369,1.8638399921153745,-0.01906093109267683,2.0335500790067593,-0.08406955178713485,1.8929776320326672,-0.01730728817866611,1.5312095930078704,0.2350555898852928,1.9793948478182497,-0.02000777586594539,1.954973593434262,-0.08728834255110911,0.5306700276425449,0.3727431454343502,0.7044755073533516,-0.07487168358089914,1.7462754683929107,-0.14704771009708137,1.3208441859417457,0.20289116943083113,2.0348692279034113,-0.15038502215343122,1.2397015762275292,-0.05865935371461288,1.3176275485208464,-0.29344158151900257,2.221529081077444,0.04410191452427441,1.6990958471114153,-0.3656961425337417,0.41353294811889046,-0.5577410233394985,1.3438456770465175,0.4836390354494656,1.4321869706410133,-0.2886421941530728,1.8934148255487953,-0.15913816795151936,2.4011071860536353,-0.3095654770779868,1.0185127036673487,0.2844325508420878,2.516203034008053,-0.09116464490622052,1.063546260777971,-0.5341640588291725
100,"Non-estrus, Day",1.4905354954319798,0.19300759930309605,1.9661849845572323,0.24051153250958554,2.230648646521629,0.11665357780702997,1.9861839201260627,-0.024983831558816044,1.8432172124367292,-0.05326397076688349,1.8687401350364636,-0.06244021319276459,1.4817377920950838,0.1301228618445582,1.7748634298272297,0.0533419426703034,2.0300186408946015,-0.21557527813744418,0.04804760600207922,-0.08080296799472662,0.7644491957676236,0.49767319386569714,1.239764670202767,-0.31161228645441147,0.5511660992643834,0.06233449252310234,1.396585289799103,0.21587829416975696,-0.9105882040944355,-0.4805920075901239,-0.6206489159780249,-0.47280488310609864,2.017640245709213,0.16033993605463157,1.1272745198844305,-0.4408254059471339,0.4547256144235618,-0.4062270914397617,0.7229170994103671,0.5498881995444486,1.388945614238487,0.22349245570923065,1.9539263424798803,-0.18754769991894227,2.349876840319842,-0.41792618945735205,1.1432931931764527,0.21079245750625064,2.08210834172248,-0.06522007413106537,1.3434190865300537,-0.5533645797830429
101,"Non-estrus, Day",1.6928661026336689,0.03150326791195216,1.7118798329460958,0.23065524219056693,1.8636588007481358,0.1481052086841446,1.9557268908121817,0.17109051252971857,1.2556779179907704,-0.5684031433305452,1.8311081111861311,-0.05361455102468087,1.6687435988433268,-0.15666610887166657,1.5901968747904316,0.15575112058998586,1.3807738898901911,-0.024876288618236122,1.1145872367536056,0.293443610104687,1.8096509596203774,0.4562240369699233,0.9534503696789658,-0.4392038858782589,0.22410360359981776,-0.5391423136048018,1.6041495666662864,0.08947699304785156,0.403428617668701,0.14345050767344267,0.7754155883260686,-0.015066706934935486,1.9427695789957424,-0.11387093706534859,2.4596002124123726,-0.10435034415656566,0.39807737164999996,-0.36061933085499415,1.768251478918085,0.10448205833057655,1.8571196701491208,-0.11556605562552238,1.6560919115367978,0.17559766595021725,2.356135128428197,-0.44243040646584364,0.33137878756771955,0.41702366762062343,1.671246651187706,-0.24727916822293708,0.3922744874314848,-0.2748355650860789
102,"Non-estrus, Day",1.860759546008123,-0.2823288778001935,1.5487512415573104,0.35184270835613324,1.9731492100730237,0.08005174758440943,1.7273879217633794,0.05383320296201693,1.674640159730509,0.07866492174546902,1.803400639466537,-0.017970632719161835,1.768101617625856,-0.3219359423853458,1.6503630992353833,0.12703624621923001,1.1461089552431183,-0.05242765299170057,-0.3260234689098423,-0.14611134142380594,1.4857328644310774,1.3200066112240951,1.4335572617966805,-0.21475772036449836,1.419618495184509,0.20395979586467763,1.47552143835218,0.036388697850325114,0.5819535229341759,-0.16414284845851962,1.7497374713862086,-0.12983513740018052,1.8327042839592322,-0.4055385387857542,-0.23964525577386436,-0.6885173607759334,1.6740724995246679,0.15896941724787012,1.538745767078285,0.26967342937022,2.2281117060234714,0.23512984712952387,0.1744303122648974,0.6724294046701157,2.216055661588126,-0.5804188960637843,1.3554528229691112,-0.2915106444531427,0.7759820541591996,-0.2967043794651845,0.5360675766314671,-0.4348362587294733
103,"Non-estrus, Day",1.614060051056888,-0.055433173354053754,-0.13159231526757095,0.27877664294552085,0.8576928924181735,-0.33968033363907013,-0.638506896797602,0.12461427378773005,0.7108074734858669,0.06269826633640055,1.6511131195002744,0.02232480764572303,1.374483237037648,-0.3716965747802775,1.5455439606034598,0.1560495667236013,-1.1639664323969032,0.42446297410992156,1.5155058364122058,0.08791349564003621,0.8212320949761478,0.5471336475166168,1.198596043773368,-0.10457695747246233,1.0428430172595087,-0.25794538589384297,1.4071801894753897,0.03298520024919066,0.9780086119535709,0.34937894067567726,1.6861870932735281,0.1350645955206735,2.028736574914615,-0.050709812218406196,0.18929498160422079,0.4551299914025897,1.826300586622527,0.07298422328277612,1.4223535542385501,0.3830151596423661,2.0886575310263003,0.41580104451423244,1.4847549027301603,-0.11430074138776446,2.406625885794289,-0.8128331172142615,1.7795651081734312,-0.25570725794950067,-0.8118562735147125,0.10774373103659673,-1.1841951290422847,-0.1259857733361981
104,"Non-estrus, Day",-0.8140260604591243,0.6405829532147602,-1.3520273902669229,0.27953673766301534,-1.439589927712971,0.10877344698267254,-1.0146077246825176,-0.015081996739973024,1.9105952431661208,0.3115907113784643,0.0518543082661134,0.14158330183799323,-1.218033957751654,0.0005689348987162529,1.5315765190197046,-0.03670169431703643,0.18153716749291965,-0.06351346515049464,1.2601855936548276,0.16904767647158522,0.49215382360465415,-1.2566851591564498,1.7003436333200423,-0.32187516149946344,1.6064464076542369,0.1702243847657516,1.3283827013895553,-0.039185986686066404,-0.2108482702919206,-0.2900645165182853,2.146938435776279,0.46443589360999843,0.577889291352346,-0.1264475363323875,-1.1537688692515211,-0.2643067586721006,1.805587077505054,0.17901054931365903,0.7841470888587001,0.27410760284187213,-1.369397824784725,-0.20663850079404525,1.459485266075414,-0.14253441300579386,0.7728666933026273,-0.24147354481430863,1.7608563339721819,-0.6649079211164673,1.0123670385782773,-0.06518753539595552,0.43421486719849217,-0.3694506592941757
105,"Non-estrus, Day",-0.9818066665525055,0.062217667815500595,-0.5198364789667941,0.18638904098182246,-0.23996085849414833,-0.36587747117488933,-0.6878142187671348,0.139392524595755,2.127934483867794,0.2408441114522635,0.0065065944859358585,0.18281582109213693,0.1825997295442031,0.02924515593939598,0.7722624258167043,-0.040015636673789615,-0.06838176309380312,0.18573994183465933,0.9274344519127239,0.3015174661117011,0.7048048330065724,0.975496335032826,1.1616480055619938,-0.3080595523189133,-0.9800378339372088,-0.6462714312872485,1.32452287658824,-0.11593512414373029,-0.1953655297787529,0.06641379034755757,-0.618183336306267,-0.10312131044274908,-0.7566151901466651,-0.32065846423484545,-1.4486596302487915,-0.12755947538692244,1.9163486259206528,-1.252632667645327e-06,0.36100371061937564,0.1130835693865882,-0.5524893509959383,0.3980831267473925,-0.19437095681725924,0.392549184486467,0.06411137026736996,-0.15040373481155347,-1.1363591749182598,0.28862463933799964,-0.78573802178237,0.12820116884598945,-1.2268641012251205,-0.34128783854433953
106,"Non-estrus, Day",0.30851268926158554,-0.15565026372170396,-1.3305950373543092,0.28313376593199835,-1.8510411944801688,-0.017781841661293627,-1.0546028719709308,-0.15903818431197952,1.4112880759122899,-0.07835894960127003,0.14925474957053395,0.12178367159595462,-1.0007659978203263,0.2669594302862264,-0.6540038157205339,0.0927130274529893,-0.2617387655313198,0.1145513126460913,-1.24010687441215,0.159625611846909,0.49073736985581135,0.986960195056288,1.8975316699704574,0.15156849362025868,-0.4636412321381825,-0.13761389347308262,0.09465846295257378,0.46185541609805125,-1.354399220283398,-0.08759534213599891,1.072324037730193,0.5137311104775594,-1.4180186555321046,-0.08503100079099628,-0.7477176721233002,-0.8207601443936399,-0.22081614113618345,-0.47140132272821017,0.6542706217506691,0.2616282167954189,-0.7379801299484786,-0.010357599349119033,0.5183296977345802,-0.6079623697396114,1.6160968419169541,-0.4091177660197295,1.5611162365416844,-0.9950101595492189,-0.04124903576908389,0.35015774082361156,-0.7704438861236794,-0.015691139251143262
107,"Non-estrus, Day",0.5848263880229475,-0.38138812827000496,-0.38695356416445675,0.002432659173775058,-1.5492047082274008,-0.16599842229884845,-0.6569808103107985,0.047751282854980856,-0.9809193722547076,-0.32158537419920263,-0.7170153595123253,-0.02016887819977826,0.14797518541726418,-0.08015982101283273,-0.6226881229797987,0.1444611567030824,-1.069772446594079,0.39648858666379694,-0.7777944612824069,-0.13404598851945504,-0.39695512658950216,1.0043219695309071,1.5977592801981344,0.4000463286764627,-1.1574866283197012,-0.5786498661490267,-1.4740410657773328,0.2807033482990008,0.4757322457320881,0.16871043302094366,-1.836249828695644,0.002663573661473709,-0.7316347351447957,-0.08451253634472525,-0.40631993526760163,-0.7706698315284948,0.17417831070769046,-0.35552255329060634,0.34753930882744966,0.2645823073622242,-1.4799794131796487,0.08470485000711148,-1.0645037224455078,0.27231726456896765,0.48067944398483115,-0.2205424384784872,-1.2211543716651612,0.4047302827216013,-1.4272190778573821,0.03274450552716341,-1.0604987917963595,0.1555080005031809
108,"Non-estrus, Night",2.0098223149351746,-0.4950684500436687,-1.4686049563087036,0.06329118096565016,-0.6194442301025984,-0.5008186519226436,-1.2292184446730272,-0.1527900293974133,-0.7780075203188019,0.015524193192184267,-0.10237907152214867,-0.09395102848249731,-1.2132422241334055,0.05131400813726412,-1.2539265216654327,0.06898503107198654,-1.4918842416093634,-0.1344294157763328,-1.7498799459087853,-0.1826125409079149,-0.4271595962936505,0.8232751213401033,-1.3087948562083893,-0.06388261563459542,-1.0506762580642297,-0.006528273803552769,-0.11678993239913096,-0.2757212906094797,-0.41251250258911015,-0.37397693535088256,-1.2959647830197645,0.40941480370404,-0.7986727720763283,0.35778054733020315,-0.3240355295973218,0.1578369420239677,-1.5711810951123197,0.04390170569549048,-0.3592564686431434,0.6983598950329969,-1.9401962497704388,0.3016408183970314,-1.573078799902976,-0.18290518354939592,-1.0490472046767847,0.1251450640905112,0.07823219570156695,-0.12894191745207967,-1.35513351154629,-0.04608227900706271,-2.175091383340589,0.24091770989073732
109,"Non-estrus, Night",2.4626266914039694,-0.6398477157329342,-0.978554094200463,0.2060777808949594,-1.0361084324862149,-0.31559496523561487,-0.4969548179469186,-0.08844048339740608,-0.5976913290177834,-0.239166205561096,-1.4067490542849013,0.11577721035495328,-1.3362910011264466,0.3101533293680922,-1.1520734090156266,0.18514084927834315,0.29283171330421526,-0.26432093537362256,-1.372183209593465,0.0773943764565462,-1.5587113485773463,-0.056384503761993277,-0.23553334511127313,0.11066042458105202,-1.3854594136004517,-0.04948422491050397,-0.38745281711366214,-0.02555690488864635,0.7613375677181854,-0.07827598240667713,-0.8545172240204784,0.10960610119050386,-0.716848524119825,0.649080944391851,-1.7160634519638092,-0.07801764744310856,-1.7437615250370708,0.3319053585030902,-1.3472563854942665,0.23763479915671956,-0.3235150699755022,0.7494492408206519,-0.3590540473314597,0.10337662551435552,-1.3024521299600285,0.05961115219943788,-1.0853425733457076,0.10401679878218367,-1.2075289393640418,0.4216025211777558,0.38759666970413076,0.02428040002992946
110,"Non-estrus, Night",-0.16286126979565418,0.07015669307212688,-0.32737674636305963,0.3064583382672902,-0.415705736106707,-0.39091650528747773,-1.5287696077974868,0.18281803989569914,-1.5929905565581568,0.05874009123125683,-1.5132804340984896,-0.049882133482074015,-0.5809741875123567,0.018355249904984664,-0.8119896785922907,-0.01112687866896877,-1.5899943020195288,-0.02733478674490446,-0.7429845411741903,0.07937553917300666,-1.428550240351233,-0.12539391470272598,-1.5612273221659236,-0.09296703015616056,-1.0768964751624006,-0.21493895554541445,-1.101043145866163,0.13817503869526834,-0.41127617057212085,-0.03374083042976391,-1.2360324001499687,-0.029609812701145072,-0.6805238407357103,-0.03762495139340475,0.40676248541048926,0.12928443993348895,-0.4636915233731391,0.021390429055087198,-1.503590890370438,0.028674016563288916,-1.3572964459842718,-0.08690611302754639,-1.2851825397211145,-0.026908479233654362,-1.362709977814425,0.09383814148964173,-0.6827624235616192,0.004344848240013672,-1.36172550591567,0.032518182745914045,-0.15277308181019789,-0.44292259135453177
111,"Non-estrus, Night",-1.6763933744931228,0.0322903169690525,-0.9156819662211825,0.4053376855608294,1.2259334591550441,-0.4205573488632854,-0.8273027716688452,0.0041763432125482905,-1.7982107248599692,0.3027641938559884,-1.6513494731147378,-0.08553309195772268,-1.3891542729474262,0.19549073874739953,-1.3826985728715806,0.09856436281336334,-1.8962037003879115,-0.2858221643129165,-0.0868202839035421,0.32708689537890834,-0.447803588694928,0.05574168206315306,-1.690247632106025,-0.047640927926061824,-0.24843524187047283,-0.023338196007980355,-1.1731187069072744,-0.15124320008477413,-0.7399603637850521,-0.15628807174218973,-0.9789967020199353,0.21881080054934077,-1.7213737418396358,-0.3714928492674675,-1.546714121874802,0.1352738846244147,-1.7957973089123898,0.3066577670568497,-1.340341948837616,-0.21795478181715702,-1.894250021574141,0.326368361968584,-1.5134988500291455,-0.20780023012914753,-1.4650634914634795,0.022247132957433826,-1.1017671392284443,0.11487506304062632,-1.4430691193298673,-0.08898758855453708,0.4832174729485959,-0.026769490995152162
112,"Non-estrus, Night",-1.683797424430204,-0.1458519164417605,-0.15639676147989237,0.003228514978623611,0.6652249822990063,-0.7798838769088738,1.086215634291744,0.05209251942645673,-0.9764552380390831,0.13636404226662688,-1.348425689744386,-0.21973389976065152,-1.5402130216675725,0.028586010847839568,-1.389744836882997,0.14566405555174564,-2.112426404852798,-0.5640834958182848,-1.1648181831954272,0.4633710104388288,-1.4916091333139991,0.19524333955299075,-1.2719508945093756,0.2431805307111279,-1.4061441726382757,-0.21850104365823825,-0.8930816284871359,0.08506029074155533,-1.245580857269757,0.13184700059741059,-0.17092140711872456,0.22029877360099484,-0.7715751564814709,0.5656358077174032,0.6263411637554004,-0.4043693969445281,-1.8410364279663338,0.32680488113626155,-1.8287795650493057,-0.21352706633066995,-1.5803632190422958,0.2081935427938633,-1.6479964846006172,-0.07108866556017089,-1.5273189183254867,0.014924750946938575,-1.0710529906042168,-0.03794982746671712,0.12118559446763458,0.0038717045011119706,-1.3306313761304016,0.5823140944568739
113,"Non-estrus, Night",-1.3237805051887857,-0.05617045436708371,0.21625808307598765,0.3601463083783588,-1.8547394387645788,-0.13502558447307855,-0.4449848402267341,0.3124398350005927,-1.6474794291290058,0.08089235186633979,-1.5321059810597768,-0.027529276927037872,-0.7573435513786935,-0.060073373731032796,-1.4935304800715719,-0.02044051899037135,-1.9062608472493128,-0.4295009694153553,-0.5810474912989554,0.08346977304355997,-1.7012739558817844,-0.1886956872857851,-1.8834698743090827,0.3677513929253668,-1.4446741404964931,-0.23155659256626876,-1.9404796041699264,-0.17778362871290015,-1.4379967852028879,-0.2153854762734332,-2.3031978409416975,0.3710198328635251,-0.8090415154680717,-0.08927839399444287,-1.9582872101088493,0.3068670101764763,-1.5741395335915462,0.11410671750646352,-1.848336751837077,-0.2259999465026565,-0.3427096098476926,0.46148469570179956,-1.5273403318121688,0.05104950470991945,-1.44146961831849,0.01397984008854627,-0.9823088842232622,0.16240585676451685,-1.007856746791749,0.4168128190563913,-1.3851721634058047,0.28028758397720926
114,"Non-estrus, Night",-1.6924168124719952,0.09553817846012673,-1.753300473453272,-0.26861548964735305,-1.5832085952471284,-0.20206677292816452,-1.2389858913148357,0.24474194205814492,-1.5259083844693166,0.08220043256256142,-1.756033278059382,-0.14692678038520615,-1.468127801379761,0.20367009580183978,-1.4800604134645285,-0.04681370357657579,-0.47875893428723604,-0.7352628519227392,-0.9106879425717731,0.3035100055765197,-0.7654244562254124,0.9756141137678519,-1.893334178514968,0.30000834089106776,-1.1889943979609903,0.23662494855364785,-1.6237053402648711,-0.3208746646578995,-1.2892791076223058,0.19078955617041046,-1.9047643146223354,0.06840082710805218,-0.8024681770782994,0.5685292627826946,-0.5613627075127801,0.38852872926619136,-1.8068870444878709,0.3177475026323308,-1.493267526978395,-0.21806174581743357,-1.778414914109683,0.2214061424684108,-1.2828974847751557,-0.32991902550590585,-1.8002567504394307,-0.06464876328968377,-1.7740411968176373,-0.05266663693674653,-1.3708509414207333,0.08546153670142555,-0.35388962800745005,-0.2310009755283382
115,"Non-estrus, Night",-1.2161025018580254,-0.023698555661657558,-1.5731984150054568,-0.1640512767490336,2.2327675396638993,-0.7886560323404629,-0.6708949465881339,0.2517280940213417,-0.9011681464424883,0.26587549292988344,-0.7610086326075539,-0.13490453682304976,-1.5303298271212775,0.12245289504502688,-1.3600342222989497,0.06810437846166348,-1.3174556886070845,0.18030187837903594,-1.7737570761635637,-0.4418693090644119,-0.7539147299598481,-1.1935004470212438,-1.4422518297193747,-0.0886837803388875,-1.5104524300879085,-0.08257585657767895,-1.2667187871378278,0.12490432388687796,-1.1521068606531935,-0.21061731461985694,-1.1833405574585805,0.006569783971074275,-0.6240835302616424,0.37188402974981843,-1.7947738675669618,0.050458198209303605,-1.133050042654808,0.27723270635646363,-1.2893051577749155,-0.35313405036937323,-1.646960224718391,0.4460385339074424,-1.0869786579284832,0.23354013678793226,-0.7196324782297587,-0.10136262335976262,-0.846640760959763,-0.2376615936533261,-0.6995221397862746,0.013181899896452999,-0.5903823077284766,-0.18089574690655175
116,"Non-estrus, Night",-1.1335121786773017,-0.008183947417042602,-0.6606231418919066,-0.0834414414236786,2.874073164676224,-0.8400746952206831,-1.3394304231219396,0.12151142881902081,-1.3620588582155275,-0.08596064194932969,-1.5832688933889214,-0.014284942730650542,-0.9690910577245275,0.12115940357259206,-0.6683401616109951,-0.2219801351250349,-1.4401847768120422,-0.12090756761930777,-0.4089363738095201,0.19742827411021782,-1.5077343871536715,0.1483638143713791,-1.4134755932124887,0.3147064375113299,-0.6092619995989408,-0.0768596213374425,-1.6214945651879107,-0.03638346056635189,-1.4852269928885808,-0.039086817721252824,-1.8766329612468617,0.41241862606768664,-1.8278265753836778,-0.5176447917145007,0.11883119642352886,0.15180010199106397,-1.770081829201468,0.3421667794837868,-1.4804618433941845,-0.11113598862350973,-1.5330033963098026,0.052104840418523375,-0.792938383307583,-0.4431410390665445,-1.351336467968761,-0.10023793640934853,-1.382324013795777,0.09102481752893639,-1.4532510626393655,0.18318260842720535,-0.3449328079595478,0.2476209714297424
117,"Non-estrus, Night",-1.5600041019853672,-0.005797814618472742,-1.1390801028463364,0.33616265026589576,2.0352667140364202,-1.0978313866368432,-0.27823183351038966,0.11176889112560626,-1.1017573241397174,0.06225702143003762,-1.2377382287949303,-0.012963497273107341,-1.2034504109367403,0.10072076928246358,-1.0679321399478057,0.23352535445478761,-0.13729992572371966,0.20940249955746182,-1.5591882260022187,-0.004382095949086618,-0.19417578090875004,0.9639961226991854,-0.9579842205830492,0.08595028213262436,-1.0011957562072473,-0.29563182128439824,-0.5584768117585255,-0.14622101078912333,-0.8821762436744016,-0.2600136494094538,-1.8720184713348798,0.12591503942426122,-0.633677161529004,-0.3522935617713838,-1.522880216586212,0.11765006568608122,-0.742172907071747,0.27377612758018155,-1.4552865123662186,-0.35111613378634954,0.007798313280381207,0.041662111801411106,-1.0346919317619758,0.4295825586736941,-0.8994130027662394,-0.21862582131744968,-1.2444304555542347,-0.08235391356752304,-0.5013537917544649,0.05800382690802015,2.2466239091901796,-0.16401294808104816
118,"Non-estrus, Night",-1.0636525785444124,0.09622980889505436,-0.01773959314383592,-0.08367871659006411,-1.490577586866225,0.3591974748293596,-0.8660166121043301,0.42118213141747374,-1.1071305481208094,-0.08004028242886867,0.01925195355407844,-0.13386604797030868,-0.9368100764031911,0.05866884049949167,-1.0381905914645582,-0.3497061923427058,-0.24139205260701307,-0.0006325135026545136,0.400809234157031,-0.20849271838034122,0.0952411293342039,-0.9462496125622928,1.0989976761003601,0.8852234376614806,-0.49190721165463464,-0.5170399013027865,-1.4202826441087877,0.07736128532515243,-0.17712454923021154,-0.259762155654099,-1.2578912758861032,0.05334817759746939,-0.8996573606046795,0.19429097882692956,-0.7890166691320609,0.07208065568023221,-1.4099284903134517,0.1968010031777671,-0.7397068681696094,-0.28628065443969375,-0.584842607951711,0.1246364097076579,-0.2907093397173381,0.13170686112414848,-1.3173336602446102,0.2391926006892082,-0.3330485450993946,0.34909821213111475,-0.934055632588991,0.3482208280260669,-1.3624623077727873,-0.2813251193992628
119,"Non-estrus, Night",-0.7656126076219448,0.19914042727611445,1.9229193497472308,0.04092452288187764,0.3251197491041294,-0.30771942660617974,-0.7038363380724527,0.26435866540106384,-0.7811978937107157,-0.23243311945035147,-1.0019711119162595,-0.0200433754907037,-0.7987545882225969,0.29624966682834675,-1.0375002244536828,0.23024374970846959,1.2780169374783785,0.03462162969121136,-0.9797744494245136,0.20950094882830333,0.40695130347022357,0.9793275624697884,-0.37606841725770357,0.1629361504151163,0.037127967896675634,-0.3488385800457727,-0.9691199794840043,0.00902193974468705,-0.9717133134789153,-0.17962316273721096,-1.4933797399709738,0.14164332023636503,-0.9429458943105485,-0.32454219982328025,-0.08629959906505923,0.32375394411347885,-0.770903867142537,-0.15015268208959143,-1.0627600423763877,-0.32191338880605697,-0.8500981703960573,-0.3263595224952502,-0.6899659194162863,-0.4424277814085318,-0.38140300547527595,-0.11140865496386505,-0.5371618916437509,0.2317938705814202,0.1670072095637647,0.3551691265502654,0.3152011816350023,-0.7083017992570799
120,"Estrus, Day",1.852167827503439,-0.26246423239258854,1.4919723852203843,0.1995924083385945,-0.15110516315604988,-0.2852796302751453,1.4612967808945174,0.03269136248737531,-0.17138164877498438,0.021138174298869557,-0.16967292261142838,0.30755540661406,0.543867891554553,-0.18311112834502866,-0.03686726609760862,-0.0246965154355064,0.5001651171051988,0.38587282145480023,1.4741893556129977,-0.10432287063733245,1.4055234624012354,1.676214964427489,0.9169158451703437,1.053609852784406,0.8166125906687716,-0.7073188240481646,-0.4839645295280151,0.4809247873995219,0.5694314914821604,-0.1333276507419623,-0.1721588300277029,0.463155422279782,0.20010252216127344,-0.2998261277676338,1.7874963391004357,0.06678153332615658,0.508639611002028,0.1310265491817534,-0.7715575456189775,-0.24222804671993814,0.45207785625402724,-0.1905961158686834,-0.40487530626278034,0.09015975117915441,-0.08209253746112366,0.04177991374526583,0.6517396000367754,0.18676736269496672,-0.36669193127440314,0.5784658101136133,1.0162382343607341,-0.6313738386990273
121,"Estrus, Day",1.5505734874088606,0.20426325314462462,-0.23773128833497165,0.29223925866482175,1.5024287529191136,-0.2968323622087748,2.2405575205046477,0.1297967829763914,2.146078539078215,0.41711730315873824,1.7615989573387618,0.20313595375728227,2.715915554991321,-0.04916071806290204,1.7551788536363686,-0.28611026489201086,1.6310740282191754,-0.12676466379598686,1.7323661804227148,0.14831560975116775,2.0073411160627477,0.19552910150624317,1.6555582608049195,0.6740916738691131,1.7387660058237184,-0.36978720074988614,1.8321307083562777,-0.032410566012630766,1.8405396479772758,0.09255496541123572,0.8808511991674903,-0.0830096792948349,2.006436838921005,-0.02993179174281338,1.5123231260114798,-0.4587157281552,2.012356411355552,0.18702877804515788,1.7414441816804151,-0.6165872872540108,2.3377884203291965,0.03575180711844967,1.8798310701398806,-0.02600219267789646,1.7950843286237554,0.11935023049461692,2.185861222342206,0.2352148709488977,2.3755404470478023,0.5835862767332324,2.4174441947393834,-0.04174571994521501
122,"Estrus, Day",1.645487981514054,0.2747865781821421,1.8871321895487372,0.1866380193509224,0.9082663671711545,-0.11569191568064316,2.099233077634312,0.2234527736237673,2.037580902419119,0.025077766575686753,1.289358124510826,0.3749675861846633,2.302228671304606,0.07433109243250541,1.9402794592712793,-0.013150182266860192,1.9722573821943934,-0.28093588572861594,1.7841078019549828,0.06852155127953435,0.724679266072661,0.22797847366194926,1.214686838026601,0.4636699893768672,1.7435324461910051,-0.07835293194323074,2.163564311867827,0.07770457906964186,1.463616510867691,-0.17688043882631294,1.929912847905967,0.324587107785822,2.168806080274637,0.09865097394869903,0.8971128811561926,-0.4274198625445606,1.847778244285299,-0.11811538800783428,1.7910504491952288,-0.1753200682665197,1.9454041190970601,0.029916586658659414,2.2652066982336665,-0.3460668858456055,1.5674720469603374,0.21364559166105826,1.612318985804079,0.5384435848568562,2.204417721662121,0.2432956741902989,0.6173390976094033,-0.26353927713090325
123,"Estrus, Day",0.8609948625131412,0.3765059353067882,2.593874476849761,-0.15785471057853484,1.7725594691269735,-0.13911816584793812,2.3197350561521923,0.1120382146161372,1.5948854848847718,-0.1574013133147751,1.4530042001871777,0.20073958172707845,2.130012482368083,0.13821999326924625,1.8485954357372387,0.1914361235847904,1.5285178289622934,0.0503301788373031,1.4109335441066142,0.06918554186330689,1.1927183592827009,-0.2178236387170693,1.4283151748894571,0.2849301277711323,1.8094356067572546,-0.03276481433726599,2.0455696828278067,-0.10125202055568855,0.7788309478942629,-0.24211469269908661,-0.43953841427230245,-0.3275905683985737,2.1231456294721367,-0.5112436204112076,2.001683615060963,-0.25025429806950766,0.8646398508020381,-0.5050004661340372,1.737801618136009,-0.2791710894384884,1.0165848397416142,-0.1190391534456155,1.4900774824746343,-0.0052369379283645715,1.4233793962962693,-0.02712921794167077,1.4169900504849189,0.6196633368778335,2.2321605990339757,0.015461183195082372,0.5742447570710639,0.10370715227567932
124,"Estrus, Day",2.2032271004499644,-0.2671095083496713,2.3582400655426587,-0.09133773968765452,0.6715275163277683,0.6219960572018071,2.0812397806292804,0.18124937134721344,1.78583020340831,0.05262795616518489,1.8631982616419283,-0.0025189835613496706,2.2309318466373855,0.07117197823676322,1.9171024230041434,0.04846739297983935,2.116240506293956,-0.23724135418402098,1.7578114401385465,-0.018696599170287685,0.10200384479825493,0.2731100872410856,-0.7743913001286313,-0.6621981121474463,1.3768080228845168,-0.19420269774035598,1.0502997212981016,0.13862055238218823,0.7794376997815887,-0.11263670670522835,-0.2772450786671434,-0.19688587735183827,2.4633845664169387,-0.558704491689234,1.5715116223022598,-0.35423125450619247,-0.5889649697812465,-0.31703637646616245,0.27288280460712877,0.3852502569771151,2.1476047071582487,-0.07170978773289613,1.6780109996336354,-0.5064415497327993,1.2614909308312485,0.04279976586668849,1.087767433842839,0.6674398276411421,2.1914494058000114,-0.18589864158389727,2.0389179271130473,0.26924886250023644
125,"Estrus, Day",1.5124292183718335,0.47913898714277203,2.4501660451392198,-0.03613154612209822,1.9113497100259764,0.1937316543523964,2.3561680461726153,0.01754749432415341,1.8862694014956798,0.0006936759814637986,2.1142841697269983,-0.17335859838872947,2.199994247373111,0.04657277064425435,1.7520319159636595,0.17966721532504704,2.20715399153461,-0.12716671174902897,1.7620599301099173,0.1946243927020214,0.8045428835623021,0.427930198296306,0.5179952432729943,-0.2046148579762934,1.54579860238022,-0.040367785215021164,1.5385032464174897,0.17756085949244527,-1.0392910681284757,-0.6090097582743613,0.5996800817629732,-0.10177966974249414,2.216367171808683,-0.6714206455405624,1.6071247200468979,-0.25603064034059875,0.5229351808397392,-0.15827739517683206,1.593843745098928,0.3510845462494924,2.1284455221184975,-0.17758881428241866,1.9212020621078865,-0.3669917109734739,1.6705089641382933,-0.0986113102384156,1.4380042857378805,0.5005430354965544,1.2332190343137728,0.0047521094942214424,-0.3310296237983451,-0.11339507456120436
126,"Estrus, Day",2.397852340710096,-0.18630972373869412,2.4037336993588654,-0.10774317375228434,2.249461985479926,0.09211318096396624,1.8774035937801572,0.09846371085569958,2.1556778741050056,0.28100760628016075,2.5380928493140225,-0.4293261298067578,2.195378283964849,0.20833958861983545,1.6854949020019458,0.19996805652810512,2.59165438741398,-0.22183157914247517,2.3995712358216745,-0.3267628717258587,2.0377697043665117,-0.3012583903375262,1.4754334452810594,0.6807412225031501,1.689084159662257,0.03100896920765229,1.720566164001573,-0.018075388506369184,1.091226899588135,-0.10734435792638813,1.091727148421262,-0.19807110798471675,2.8090488729426157,-1.0385841069041413,-1.2295737094256638,-0.15974855891394127,0.43781194005051527,-0.5870384162660297,1.6862766485306777,0.45566197530830205,2.2631795852468386,0.23268063179901038,1.8609478091430072,-0.3738933345992482,1.7038474532693584,0.10062497434421497,1.074107404463444,0.6351778686200338,1.068899704075085,0.6814040246919445,1.053451103147716,0.17729316454480445
127,"Estrus, Day",2.3242192646366284,-0.24977981270062943,1.9142326245593824,-0.046447458086695294,2.6708592019510013,-0.15444032714243958,0.8760352002228802,0.30902470471401394,2.312435334758105,0.3268929137578617,2.5388951772909305,-0.37339756181760814,2.1987333875172372,0.031050529526908677,1.7251753643950392,0.18448094034593163,2.5862856770630382,-0.3885007197986694,2.0778228630735383,0.10262857299892847,2.2276342719830886,-0.5565985126233106,1.947487737890192,0.4049878897956592,2.1085144700999376,0.3004949149385777,0.9177583329686484,0.36257416595378583,0.9211918588275673,-0.22491854232500108,1.5192366417961285,-0.26592899518498336,2.725503188652451,-0.9300822881184738,-1.205596836831845,0.2110803135497007,1.6328742267898115,0.1068254314774663,1.6934836097194859,0.39303791414151634,1.80922057376005,0.22861923779030643,1.6570338769866824,-0.41314271383437445,1.878831618023011,-0.20670299469840614,1.4401712580823005,0.45558511941530105,0.7132532685131555,0.9598328696978441,-0.362318968047018,-0.45758189991824666
128,"Estrus, Day",1.8895576880635845,-0.2718241125454888,-0.626658259828279,0.7457690923971397,3.060929875511689,-0.17932683910906835,0.439941581251153,0.2659892654446409,2.454361845413771,0.24101653045752297,2.1354505856283197,-0.2856471787951167,2.424297724979923,-0.19024174586987103,1.734589199803189,0.10705692058930971,1.30328234054591,0.3920322975293224,2.3278793358259486,-0.08969207023874226,1.728179028033422,-0.7118988153655599,2.0490386186288703,0.4312608899231663,2.2614116258726558,0.5552897465120158,0.8586472800472592,0.30478837326251235,1.1897244306447543,-0.2383630734533039,2.2677763807346656,0.551890384660068,1.4269886137057906,-0.28925316005944035,-0.9094361001359303,0.12061668772405969,1.7362044227872824,0.07074180881174212,1.9883720583567763,0.09992891366866166,-0.35497582985024945,-0.3417156816169958,-0.784844843736089,0.7490844683367456,0.32297295356221856,-0.039967717167716674,0.7606507072043562,0.2646752537930253,1.1020644124463062,0.7778545576112023,-1.1559723019322308,-0.29332387191887316
129,"Estrus, Day",0.7359137530224513,0.4302933989790555,1.8926818439809003,-0.16661709257701865,1.3239244376013621,0.45067199824953486,0.24412074388848842,0.3777791774142535,2.6533385292982645,0.3733487506846689,1.1065188703982727,0.026358861506396998,2.617635689231792,-0.269454623503917,1.4479308616232216,0.01441735317365333,1.0959599654459138,0.22765974114965953,2.2853424650615675,-0.08238384121217103,1.408585545435272,-0.4676639900281531,1.7248376111872303,0.11025564156406055,0.5028253923299266,-0.8311764937584586,2.1116089657087893,-0.2697837984051373,-0.4224824662314909,-0.2684759923270073,-0.5196294038298213,-0.17112568563795447,-0.5545809897767104,-0.11609027819023159,-1.3989417396101338,0.13458599561644746,1.7927339529482105,0.6595786465957845,0.6629977056500179,0.25213851225417827,-0.3204504140137575,-0.24168910889546458,-1.0695270515818232,0.19763911379548793,1.1685460380051909,-0.11167013719306235,-0.46840442097710394,0.14181487497211415,-0.09729179716311644,0.7346816810909113,-0.31604766350169317,-0.1594416100410629
130,"Estrus, Day",0.6096157086764841,0.3344843159676832,0.1133089552273149,0.5740364771400704,0.22573293878465533,0.6365768645969602,0.09232074219620888,0.32851609216606625,2.339640557385093,0.09812281006459883,0.8724616405922383,-0.17285510378582492,1.538108741113668,0.06764896701754004,0.2867344924521765,0.2611052355719664,0.8385718924315169,0.4847150523632579,1.310640546676358,-0.14464351620189586,1.08271531387553,0.7705401495164549,2.2335231207453186,0.5298149811532717,0.26554808515163325,-0.6837578286891138,0.780156685447411,0.23424934004335649,-1.0239811356397257,-0.0745084158121695,0.015715094064999113,-0.22878619695338276,-0.6469048380468554,0.3980531116746795,-1.238012034326481,-0.17342820292390582,1.402435554113149,0.30615001798570873,0.1483409028310526,0.2151663840995648,0.3262911179404073,-0.13956048230952092,1.1169743133233432,-0.08045459326965451,0.6286599362525849,0.40315822220335906,0.5663424146760355,-0.25454674314388714,-0.5512754745977659,0.7918527403904041,-1.557556225737943,-0.14025654957881417
131,"Estrus, Day",0.38402506433758266,0.33857718034939677,0.1252474292943806,0.5901714981821082,-0.4345783747439635,1.041528773616078,0.3108365352047984,0.21511534764914508,1.299818557608157,-0.16953219942793724,0.286698363122934,0.3088525406680266,-0.31555764544500964,0.32783620299264465,-0.7191939955890565,0.5087067273798481,0.09687019635571427,0.7871711713995643,0.1845469844067252,0.4295346588420603,0.06935385356951647,0.7881790237211738,2.0053420871994563,0.3090907188000304,0.1997844046859472,-0.7827349920898338,0.18950850751398812,0.5248992151366955,-0.7449820623388055,-0.13907092901207552,-1.951537980677779,0.16377606156546917,-0.46716172663812383,0.02200869844153528,-1.4496520990195483,0.045953150887934974,-1.0711404428662423,-0.3567746068514387,-0.38708910839567,0.1877823616048435,-1.311312718222933,-0.29462404925762015,-1.2321725348558228,0.08686424237895117,0.8509219557818984,0.06290586245319124,-1.183688282139487,0.43475560039059,-0.3563411545540188,0.4403383061636037,-0.025530624879760613,0.31314939388099433
132,"Estrus, Night",0.3855246823785749,0.4071525133264979,-0.08784584131824551,0.861779403178746,-0.002826420957432374,0.5720456149416114,0.24749612806532753,0.0948099869296228,0.18179149672932454,-0.355748486625001,-0.23072474179279945,0.40593791899589027,-0.10608172551432923,0.2584228893656446,-0.4656705563910095,0.25652736297128403,-0.03140257641520077,0.8765108134783393,0.6294541536256129,0.3884521050991647,-0.6202480404147838,0.33875334402630547,0.7337971218694442,0.10457420269909018,0.44531184916719757,-0.7603505591721815,-0.4619870587103794,0.660608225600894,0.3719148443092683,-0.046586288171016205,-1.7080011510048334,0.3645964287105624,-0.8709740532346509,0.47299420609664705,0.040763613627196965,0.4853302257069293,0.25578341544169336,0.39492322693088205,-1.4328448380300327,0.13180547057585382,-0.5822872052769977,-0.16740963501613537,-1.52549703499888,-0.21683438013559853,-0.15808721017768804,0.01292131504907189,-1.6468042163318741,0.055968413907303144,-1.2918141115357238,0.20222645429776462,-2.019950647874159,0.14250358997624937
133,"Estrus, Night",-0.4146987949398002,0.3183381338153375,-0.8381928727204777,0.7178334096599652,-0.6756690523435113,0.6600545705645027,-0.7247075472673243,0.6166079021555285,-0.7771491344400581,-0.4358909856582328,-1.0642058375465804,0.4160861670765322,-0.49307293881500575,0.8031752518144913,-0.7160895001008301,0.2972706395198153,-1.1899257772614529,0.41282023548548286,0.2613550548234719,0.3595766020965591,-1.1270469638266418,-0.23541207851551524,0.4231300134365184,0.16568040086946317,-0.08548972460725715,-0.6255926302482784,-1.240552580252003,0.14444422962212553,1.1110948462044128,0.02827960870593647,-0.8055850258220163,0.19120382955734075,-1.6066209550677522,-0.260118710061796,-0.8337877791919599,-0.3210840186933546,-1.6313799080372469,0.13521460478883796,-0.40984574278557245,0.21663996112994505,-1.5559493811432945,-0.10842915914528894,-1.3715750428587077,-0.5401220170840851,-1.533074158469288,0.13331819216755375,-0.7929872159239238,-0.15424496119074552,-1.4348692541574384,-0.10147731986896637,-0.5394680940316476,0.4745714663886664
134,"Estrus, Night",-1.3446580926119245,0.3741885859617826,0.3681582278502508,-0.06707702939351178,-0.8553835287199448,0.5918211291058555,-0.6839751484939993,0.17313819549841722,-0.4403410735368675,-0.09363019591033722,-0.6845415055740534,0.13900775578871988,-0.9294367091356939,0.6298547358720699,-0.8777380581071215,0.3011248172393238,-1.3689749016822907,-0.085966428297838,-0.2691263338718286,0.6584622904784898,-1.1479779844137552,0.1376044718965006,0.3959516564709072,-0.23930769652202924,0.29576568421648874,-0.6474134706362297,-1.1997002668121728,-0.42299790256102715,-1.5676251340684744,0.23234070819223618,-1.065846608741366,0.17790801318558525,-1.258893657779034,-0.38202342447654697,1.2721685261949558,0.4372366498660135,-1.7603364210225716,0.25714535638129343,-1.5258630296004594,0.04789567322572197,-0.38956030583890716,-0.4267329732354697,-0.48333733469009144,0.1272950863199034,-0.5116906533112897,-0.23510433741769732,-0.37179899640042946,0.0970456342717676,-1.4454450304839246,-0.11327013128291474,0.10748548061864553,0.4164941865156821
135,"Estrus, Night",-1.6033458953604074,0.02809909405412736,-1.0862972030415934,0.3259973454460589,-0.4689114185848701,0.053413542145220844,-0.5247287469577266,0.09028354431947176,-1.0977986332265637,-0.33728622216398707,-1.1069680258135317,0.4588483553434836,-1.4148214960564216,0.16348512396663864,-1.0916493058397652,0.33546767309537995,-0.34538681392057136,-0.03972532652770862,-0.836148299986469,0.45143271174294797,-1.0210097606736372,0.07858257847346103,-0.1679408250990588,-0.944523746409191,0.03930080500871831,-0.7919843830628414,-1.6769047837701185,0.1043448349085238,-0.9421031267228247,-0.1035394999648396,-1.0463068469168633,-0.05131280088742985,-0.8949697335774891,0.48025101574127,-1.492406444478748,-0.11920141141421718,-1.4548105317683346,0.15335918712229635,-1.3593869427027736,-0.06697641690347746,-1.4987733152890481,-0.07862212128525786,-1.6229619625713434,-0.1987019441400019,-1.6467686431222035,-0.07046648604184104,-1.5888626293059538,-0.1564380431930096,-1.189044109095292,-0.006564525652138122,-0.5675262094655145,0.6363423184806835
136,"Estrus, Night",-1.2341312669097535,-0.3222257649916589,-1.4315965828271644,0.08141509305981552,-1.1994318010594343,0.09500254965680681,-1.4076560928530402,0.08034411203844453,-1.3429670638467222,-0.0856504691566755,-0.3405121564838456,-0.2085489028952238,-1.4160637092742547,-0.18161483744447082,-1.169557317506056,0.3464407602447966,-1.827933063269533,-0.2948612008911383,-2.037283828213405,-0.44786304552766704,-1.1676678792816269,0.5631192669309908,-0.04463193528950305,-0.7984894586792844,-1.6992072327074785,-0.015296625697983617,-1.6625472742916565,-0.7493431063386214,-0.9516915876113942,0.09101319759853853,-1.1939109334001177,0.5225964712931308,-1.5680300807071244,-0.39975149481885147,-0.9917158091270891,0.3333924132888331,-1.4905303415552447,-0.003627601295202053,-1.2109745651968076,-0.09870783619889834,-0.7601525542927502,-0.19612915732179234,-1.2023012851158803,-0.1455816021317044,-1.2933501400058474,-0.09059268791576554,-0.45485255536945296,0.24341587421720776,-1.4385276771977757,-0.3156828130402718,-0.8705613150664648,0.11684149857846642
137,"Estrus, Night",-1.4590349982667157,0.18054038083704432,-1.5933751225337913,-0.005874737841058888,-0.2814509928323813,-0.11214930934194717,-1.5399544452884224,0.044886180689149485,-1.585812044306158,0.031081724753273206,-1.3817808678823953,0.2051526432829907,-0.888215371613925,-0.003962639649183137,-1.3213027363128385,0.18447912318333506,-1.8199929255145382,-0.3613674155847215,-2.2084434108734663,-0.7228665860855454,-0.533746978688121,1.0330173870341528,-1.0499037081460445,-0.6895065647534966,-1.9937693569249957,0.26928120495187197,-1.840027963473694,-0.47491005705129685,-1.411322898772412,-0.09063259751409325,-1.632713698610119,-0.07450847857892161,-1.8327930764831561,-0.43476645609246667,-1.1021636317547312,-0.2108516438426758,-1.225923672934892,0.23159846917712892,-0.9277043850668136,0.21998387701002006,-1.6424415987284773,0.12212882396666622,-1.5922480007646453,-0.21096648930091597,-1.6457477957494575,0.006361963225991504,-1.626466703286239,0.08746708473796619,-0.41226794885740353,0.12396600314329885,-0.39233621523341017,0.5003207016534922
138,"Estrus, Night",-1.6598365579452794,0.040716743827670605,-1.0077515924204827,0.028952001807177226,-1.2679987825923142,-0.18207525644452535,-1.4235615455420954,-0.11642506826727378,-0.9165046686943898,-0.047543539498502686,-1.5896476654666027,-0.15370163386106975,-1.6536201724130255,-0.016683429426134825,-1.694156269582343,-0.07088790015736095,0.663794947972349,-0.4612497482298994,-1.360263690399672,-0.34683072752049204,-1.3274471329221431,0.013785909625907847,-1.4568813225075783,-0.27339867318723504,-2.0400211272218653,0.5035705041063562,-0.9016804546649703,0.002246891677256826,-1.5331034628046039,0.21611220319290728,-1.0968685006561136,0.07006828109469583,-1.0096455058977098,-0.23075605201537114,-1.9105692015447877,0.2978554472062831,-1.0506184165007053,0.3011911812943779,-1.5016242074092503,0.0023034730613374845,-1.2518375958989325,-0.021116977675401834,-0.7339172600476315,-0.015097562877785537,-1.78248262819968,-0.15783939164998695,-1.4354159797594988,-0.15304695942304142,-1.6532715558121998,-0.03996155140741184,-1.1342817496035178,-0.15969154833155288
139,"Estrus, Night",-1.3420410958118034,0.01297064416907097,-1.5990724962695415,-0.031505709707925884,0.5891661905578579,-0.7621063212892966,-1.0226258574197356,-0.2139327239703626,-1.5930792020235793,0.0017007222768264372,-1.5623494078589277,-0.34707738484087214,-1.537542111612051,-0.39152639250493826,-1.5812215439163428,-0.04887751695800376,1.6470385429855243,-0.3646812996876099,-2.120549763506836,-0.41343916187023916,-1.628518216202207,0.043689365549573894,-1.072549878891291,0.20964621764559388,-2.251662417663813,0.4905651892759323,-2.02716956694811,-0.3068819188547779,-1.0635222864813865,-0.001429793485515836,-1.8126999834094772,0.25128251142635577,-1.4239268637879114,-0.030123552854986614,-0.34642849357381356,0.20234787491124168,-1.2605103037565881,-0.20855563411932584,-1.5032382823711559,0.01688209893551138,-1.227612427368611,-0.02087814828608257,-1.784830514612554,-0.23756304520494362,-0.9589442878297686,-0.3143065714310469,-0.6505974236287665,-0.27228218387957387,-1.4568975287257926,-0.2865882961572611,-0.4323785302925741,0.4188059833870649
140,"Estrus, Night",-0.5521406174159489,-0.29676408290279815,-1.5321212066369054,-0.01491298377495362,-1.7111016197556985,-0.06777291901897774,-1.17381618688873,0.047872860016014616,-0.8229689058609014,0.30408805531705413,-1.29031449445034,-0.4815472240934266,-1.901557765861506,-0.27254401246432214,-1.2308420756200271,-0.23689275068327206,-1.1238981358798525,0.08657286588803698,-2.007069357874117,-0.48549329434828636,-0.5605642675940696,0.8436418067493815,-1.7051863833148702,-0.038789028187034724,-1.020612707518118,1.0467040277415502,-0.6663666603389168,-0.10038067267612454,-1.7146649849654225,0.15173226779711205,-2.258951068454161,0.32121859541576314,-1.4793030881013731,-0.479956880523701,-2.170948909693297,0.3602793336032928,-1.5457823947749936,0.12489310645018149,-0.7687800220708447,0.07529509932949406,-0.908907970969688,0.11208593835427884,-0.5342794966213327,-0.13245092806387235,-1.583435952134612,-0.25982580137120387,-1.1365349718230187,0.09002825958829888,-0.5403055626807161,0.0519120033432495,-0.8982018332138673,0.15528708635481023
141,"Estrus, Night",-0.7518746215813101,-0.00867470571464064,-0.13669801795894526,-0.19844059443020148,-0.7396979982534587,0.25951805629160746,-1.3671130954393043,-0.02864589369545421,-1.3960574857391774,-0.06058511094188391,-1.3852982944264278,-0.028541500352286028,-1.4078843522198143,-0.2605883658768055,-1.1641947138787507,0.13624115869837466,-1.5728459726215838,-0.2125278255405308,0.6962583073739782,-0.36857247380848446,0.6212136262508934,-0.2621597359228446,-1.689546376770247,0.30317348912017067,-0.6918584952351697,0.2620004092020845,-1.7946259971493053,-0.16048026401347565,-0.8897456997824215,-0.17520638018448095,-1.5102085108955672,-0.18173888765285315,-0.7719800242476744,-0.05390622655715158,-0.8836850122059801,0.006393724150981057,-1.3200722470209802,0.27455935311517154,-1.5928438159341392,-0.0717113908252169,-1.0778755550887182,0.17867650528667034,-1.0174073471673224,-0.06591090537971406,-1.1300521878757928,-0.062430026120429825,-1.2060162883109014,0.08379350388224147,-1.5881040124377475,-0.08919530625441018,-0.5911651751579335,-0.0963735898527986
142,"Estrus, Night",-0.8660202640469002,0.005233289425067736,-0.7200604824675497,0.18130447181726406,-0.6754001209203286,0.3444605697206237,-0.7302741157120386,0.11829448524337037,-0.6130504863808922,0.3334605641617135,-1.3019674041130298,-0.18594589213431761,-0.9545740114530568,-0.3666410901433502,-1.8394170611239191,-0.3275054706749379,0.8955261929367636,-0.5788436955241972,-1.4146935619695147,-0.06895993381732052,0.012906188251255111,0.5018065678941269,-1.7189172718022632,0.34623979995927817,-1.4746697467172099,0.07799923354895467,-0.4888671718523134,-0.12829651985741297,-1.6017233178664638,0.04285574875694044,-0.8381702873408584,0.10297947819127863,-0.6288000042491316,-0.523950739826089,0.34775913636751327,0.29224224285714057,-1.2825218845435968,-0.0681097898525248,-0.5595076758427573,-0.12025007534441148,-1.0614613301883897,-0.10412347473863315,-0.5846365555950945,-0.5994155118379381,-1.0928902293094804,-0.12854219187495972,-0.5459111950044528,0.037025270803585704,-0.16068399175045758,0.07737636382199505,1.604112685224571,0.2070209014574066
143,"Estrus, Night",-0.18042143025860322,0.026172766119195542,-0.3210554127186819,-0.08274488047944131,-0.7030271761267203,0.07529127219236174,-0.032744494522677546,-0.08849453165058324,-0.9911474856543988,-0.21003587673411125,-0.7115067329445538,0.1289362324249163,-1.0411910213119802,0.10293576919514578,-0.7875926637148751,-0.24009207650759296,0.8708992483793445,-0.2703709348950297,-0.10282573036812293,-0.37844243152717666,0.5106557811456808,-0.15592574820145846,-0.5492240724853188,0.3878300431361876,-0.0987765706442034,0.2130624840486409,-0.7122177716988556,-0.2509273422151825,-0.5266430093340745,-0.21411351294456463,-0.8902056758319629,-0.25740415661435934,-0.6657500605475634,-0.34213336621229296,1.8064374419897693,0.05889941489221404,-0.3529389301187556,-0.15359769693409894,-1.2470463014911237,-0.01637044762938145,0.7836845561387862,0.09211535422864317,-0.8242662114858659,0.13908637015487682,-1.0395736447631807,-0.16531580088513956,-1.0192544357947675,0.1862266086892751,-0.6567195172003771,0.3310344522488177,-1.1745546569270304,-0.327416231365163
144,"Non-estrus, Day",2.303573103597129,-0.3293712989870123,1.2431022938848155,0.17313930667654126,-0.6071624111505938,0.08857749278494277,1.5143763751191164,-0.05094493188014904,0.8971396115604782,0.4541135948474755,0.48097510798766857,-0.25814325126901505,0.5030040879158593,-0.27498639603989183,-0.24765282368427488,-0.10880096666415294,0.32497854670831966,-0.36102355813051884,0.17567616365228705,0.25312891934581094,2.933034226354239,0.721416684352522,0.5731049806946876,0.9150377382769566,0.7230164695231592,0.417987632422414,0.4132873926995245,0.034362836290014374,0.3962693351708029,-0.2152535351194894,-1.0270881374556333,0.3085607231867297,2.3768135683224814,-0.8461711679237431,1.766210466180583,-0.2945734559105211,0.5087522904777113,0.14496539249180782,0.17683360020319064,0.25276747569199753,-0.3198529297002567,0.038133964392835,0.5381618809383166,-0.1698800317949701,0.5613108290713248,-0.13112176621575172,-0.15270891384559657,0.517036556957104,-0.007250475422784378,0.6823298975981609,0.47247832473105544,-0.8858384479073981
145,"Non-estrus, Day",2.6046352626856875,-0.4409264166266388,1.1944389899993753,0.15280269487216142,1.907612584990637,-0.3550238636143431,1.9514281485657157,-0.17784619887605746,0.4463195553040024,-0.2505612820674208,1.8499373522392777,-0.09919255649706578,2.45783991617406,-0.14719196716808575,1.828853784440329,-0.0939272023337737,2.0716844161207715,-0.41630119414006084,1.1683321370845308,-0.10280197378826142,3.1331607310728,0.15561538374563755,1.6417308586469508,0.8644377686518145,1.9118484774424795,-0.008709966498785757,1.699657806367442,0.24992298402466348,1.7334576507634416,-0.32273456292905967,2.0247401955339197,0.2894702584802938,2.283369944151543,-1.039418747347499,1.9556451902409813,-0.454148921941364,2.423899633661776,0.453973370250287,1.965811891351196,0.15833225084348007,1.9630806118282658,0.14815119348101283,1.7612575433085744,0.0984751474800524,2.1128568070418927,-0.13857560113109008,1.4720390567805064,0.6561104135317076,2.2884636096228865,0.5245012463199484,1.5630375542396524,-0.37319547122180774
146,"Non-estrus, Day",2.4168396702728945,-0.2994412266258072,1.3880450695189601,0.28660797999839616,2.3847345131295756,-0.5107567786898796,1.901927615805356,0.08738463689336584,1.6328122778279366,-0.1231096729347297,1.4872632738605576,0.14208328336362566,1.6324131829662023,0.2269219235056707,1.649449378349434,0.12203603803140889,1.5313546267620184,-0.09858904950815046,1.4950671054029734,-0.015600401687449953,2.5092847269498395,0.19515294714165718,1.5081017449945582,0.6267689426452869,2.1817712268807563,0.08579399928256243,1.9202487394233474,0.057032725284554255,1.7997898144025306,-0.20308620287864385,2.1588454802644463,-0.015434823777166222,2.622014767512384,-0.9455920204874658,1.67626751528936,-0.42028070189942374,2.4720729344818477,0.40680374962919713,1.3735349263045535,0.5447016425774059,1.5588395056410598,-0.08910809022457854,1.663309333369391,-0.00836516734898207,2.3766047074620795,-0.09895452370507103,0.7916674729968732,1.0087659891845508,2.777700411353442,-0.09741498680252547,1.798788067688523,-0.5171028928246761
147,"Non-estrus, Day",1.5415445897357487,0.31109240854297343,1.6265038715055236,0.164163742137369,1.4261021184832245,0.31750082763829274,1.5412769686488133,0.3832550797469149,1.4600338798935297,-0.241360782422217,1.497465193251182,0.02135899670234928,1.598227418986303,0.04536855315722468,1.6806974250897266,-0.03878081841626392,1.6258317781853937,-0.30953283120714725,-0.10545612425039251,0.17414620281754833,2.0830979168000128,-0.4287398930634945,1.4761200257514049,0.6100558501298935,1.9805019422032095,0.24213396290563477,2.1461511140406615,-0.4539095880423117,1.2652216954030837,-0.17056386913939145,1.8385711568866268,0.1090446097527045,-0.2330402714153755,0.28822730554329773,1.4385987066620773,-0.2556011906777223,0.6680401286209234,-0.3043860231569974,1.4357182154999129,0.4581144928412826,0.25967024634398334,-0.35563469778449885,1.3574746899912653,-0.16155201011800235,2.181784330699613,0.056697925685107495,0.7205725177267824,0.989756436911257,1.9224524153093216,0.11711085903266695,1.7133163938647629,-0.4289299515936805
148,"Non-estrus, Day",1.8070052677012385,0.035882172174980444,1.2742775532379569,0.35539025712867395,0.9826956225148501,0.29937383524517747,1.6327929641056993,0.160039706674017,-0.14987241255707678,-0.22241579721129792,1.537187050091897,-0.11271839177102537,-0.3264794247748616,0.2313461360939591,1.5868700685559518,0.046175644506844284,1.640125988245537,-0.20170346037827783,0.4475850719259847,-0.27940669956224656,-0.12905422115049586,-0.004811630276334696,0.1736187105167183,-0.0398004435796592,2.2095516377581923,0.42410435255269474,1.8804934641988702,-0.45584045209113194,1.1981395847190222,-0.1044980454700265,1.1216438226525687,-0.055799368449033764,1.0153705339301695,-0.3003676511893753,1.8268705052793468,-0.1771838452774891,0.9032247720182021,0.07568529542125625,1.1258810723729353,0.4883240672719794,-0.1552333572511069,-0.052178195823326966,0.8494221070950684,0.12031072470087881,2.057422742378909,0.06087966231694093,0.574462703275895,0.7183936295395004,2.004422816523374,-0.05893017829527625,1.7055788102066183,0.07313956758853511
149,"Non-estrus, Day",1.6194746862251177,0.002828994794140456,1.257891503879395,0.10085016694045208,-0.8756115573592617,0.37959798477479567,1.5838914061647034,0.3290290961767177,-0.99672395575907,0.09519319730865844,1.3328103366420958,0.026697036660650347,1.2551512415234942,-0.2517542846852852,1.3893752282038794,0.230767366879767,-0.6072551951710221,0.4524142208676963,1.668975193599609,-0.8109025872037718,0.6041384869861676,-0.621877882961966,-1.0619810781317098,0.5003765646420212,1.5532467087511699,0.07865182693773459,1.1021269647265024,0.17321941281908834,-0.5612535191982293,-0.6093924102971352,0.802229183438694,0.3760931862094069,1.9704069505926294,-0.37737421395512133,0.9971664808221489,-0.31071736688485224,0.020743961251609166,-0.47007081696253006,1.117532189339141,0.22797627747669458,2.2138454906361207,0.04281119119546527,1.7539584602315819,-0.30896865564022535,1.9070386852923722,0.10276126221069591,0.6999935572679902,0.9654570905241224,1.9005746877698946,-0.1980723245851607,1.066766822232998,0.1919575796693483
150,"Non-estrus, Day",0.9116592211657804,0.17716081101574946,-1.1283376231254307,0.39306714671149307,-1.3110330537976407,-0.15285330131424982,1.3385524506650628,-0.0245432711250202,1.008706872211184,-0.22981169706628865,1.2904232644480143,0.06349920199796007,1.4650654774306549,-0.0814549967266583,1.300532509545477,0.13170842996668528,-1.013447741466682,0.05099387665207321,1.4025970415018856,-0.6231364967617091,1.536344732756901,0.07601010496541913,0.7544725020324458,-0.08957644435373442,2.1309307736895278,0.5376702441081729,2.012066702521934,-0.5455856721973452,0.7704012029987339,0.016321657811842923,1.6586651407367783,0.31394571822356754,1.574476344570748,0.12781556626048787,-1.5105133867441467,-0.011516695060151077,0.3159408769269472,-0.3557662114535008,1.6924144961268783,0.3160655153797851,2.221351345277663,-0.24059419553980096,1.8381290667428418,-0.6056765419109073,2.123386511938589,0.10706753573007628,1.227683023226391,0.5320468583273374,1.9328922479111252,-0.4274173082483131,-1.6505532783552772,0.04053169377366947
151,"Non-estrus, Day",1.2790713178203916,-0.39042190659055015,-1.4890246053003815,0.009299156174196492,-1.552211067090599,0.23150115909814897,-0.19207336740104775,-0.05414256235677909,0.5462715912925602,-0.7504094189949515,1.3217699713288567,-0.00018117615886736348,0.9977199338131152,-0.12095910250002927,1.386430762212117,0.023498535794424145,1.5254823756199842,-0.1283223110503701,1.379309166044529,-0.1327429271511987,1.955627512260943,0.031049836117327548,0.8484877438897683,0.05379552111185891,1.8134341719984755,0.8218858672403553,1.5453629900364545,-0.1071366475139851,1.0338182889237582,-0.21863939170167204,1.9844373205148285,0.5255680233473335,1.9308417613851065,-0.10468220738715922,-0.7748496289810325,-0.057099822806863154,1.9080629937760047,0.4108187064519217,1.177514106316066,0.49846330532265587,2.2348365513362514,-0.12224563503143733,1.3542610150069891,-0.16608709012496148,2.127384416172217,0.051737751524071715,0.9589766760005632,0.9106876626331315,-0.03247819804092195,0.6717065960295703,0.15396610394363772,-0.16888928455276456
152,"Non-estrus, Day",-0.999311651135704,0.292689568753674,-0.09013715693797597,0.0715863930080259,-0.10852314941650297,-0.19108602629588275,-0.48045947108053677,0.15449055394967962,0.6737264767860986,-0.27640332248324223,-0.3339369391536604,0.08205171304755196,-0.9652566091803471,0.28820743766473306,1.200084608818374,-0.1035935517221803,-0.22595097146896131,0.37558704488619926,0.9974911097568082,0.31757526584892076,0.944204994858199,-0.20712243040236733,0.8879023760093744,0.0037288989200705996,-0.1661529233932171,0.2504859560946716,0.6368062255648217,0.41028659561858605,1.0622406576062482,-0.5956482064251476,1.0739916622059453,0.12377133480294504,-0.6499649219670492,0.007293219531657304,0.6488229677812406,0.111721342007176,2.0217613327282717,0.23589587536179546,1.569472366041175,0.5017967449818512,0.19891448903116904,-0.013542964395818194,-0.4513626968759815,0.2215144583629689,2.0860667470274543,-0.38839382324266625,1.0831305082130749,0.2535604498936859,1.30986298983792,-0.38229430330474573,-0.4550776879483882,0.05522390180822232
153,"Non-estrus, Day",0.47705986025260244,-0.16393906847133752,-0.18586788372217494,0.24443467262203397,0.8213714161567052,-0.20465133030468155,-1.3412979550293396,0.2236049371952146,-0.2751256919604203,-0.3461544297133525,-0.9272937499220117,0.12220880253033159,1.0222711199010721,-0.07105434972501055,-1.1316559178914527,-0.03043630128056814,-1.443019274134212,0.10055143282026416,-0.44965377556249414,-0.14512889859907754,1.5452810594594677,0.2855814399463526,1.0162309735507884,0.23148111236303057,0.9655948772183943,0.1188315611771001,1.17956212367476,0.07306970093187802,1.2918109257920862,-0.25203259832201846,0.6156251600667068,0.05810911842400879,-1.4938276514729445,-0.14648074457543483,-1.7042570823008198,-0.08871811866055887,2.38212749064861,0.5951098529626013,1.0307359432120389,0.3628176240434334,0.34479259151694147,0.030854472493391835,-0.0865309820574973,0.18323741817488434,1.6357651832413775,-0.3640738795116811,-1.3413054308935546,0.09731979843329451,-0.35437103337086,0.43622325190945127,-0.41685203528242926,-0.0437802675205323
154,"Non-estrus, Day",-0.357715214924661,-0.08201270618844715,-1.6546554422272373,-0.04931973289087389,-1.5053499121002327,0.2267507238487994,-0.8949580299778991,-0.020755199911466994,-0.7872089248380494,-0.05396015799893231,0.29334196935969187,-0.08256175375300977,-1.3565367910771944,0.09024820175673262,-0.3044753688588166,-0.24633163605065883,0.31765359186629233,0.051605270070715,-0.8631394224401431,-0.4893852402115151,0.3596642543017773,1.0272323055502022,2.097788977703175,0.9164099059367548,-0.1771481414647794,-0.5805275833731741,0.724245201795594,-0.04695638272808369,-0.5015257683580202,-0.07865740559853232,1.0368297091078886,0.3831118863100207,0.15565312761366357,0.12535648938822613,-1.0333148011735198,0.44687480429530557,0.8646928039911601,-0.20595672002673426,0.8476054785822387,-0.07838401016138728,-1.4203002494039236,-0.10408985834449436,0.4946342232545342,-0.32191619055652154,0.36613044669535066,-0.3208088441065745,-1.156177015706914,0.2291226819803568,-0.25188186190648726,0.1480441602984439,-1.7222182465500369,-0.14442374171893047
155,"Non-estrus, Day",0.08648608499398996,0.3987753473317178,-0.8300060355102803,0.021000355074869484,-0.8264808083017584,-0.27525335703742665,-1.1210358622742724,-0.18274745943028273,-0.18385875207006075,-0.028902172148534893,-0.5030519540138176,-0.016320916284562483,1.0593648681748231,-0.765740508858125,-1.2629228141788014,0.3521725806424378,-1.584160821221942,0.022402953189023394,-0.7009967479774822,-0.22062943564042872,-0.8271305602328924,0.13919326976580151,2.0262905297669267,0.7884530475421166,-1.2011227183832525,-0.4068820086338263,0.19455968124480522,0.2503204803131563,-0.6145338289045736,-0.1109783881536141,0.5083148195932742,-0.10484031189662876,-1.4425160797911487,-0.1433149007121604,-1.783470246777578,0.06237844477624117,0.12696878075021914,-0.45083561158847857,-0.3440532803091463,0.531395198961097,0.033537929228204616,-0.06698327487408332,-0.5250507463515945,0.0040707131681015155,0.20166701756772318,0.10031398488291401,0.5465721939195259,-0.18502770162017293,-0.383275146711883,-0.527363808602575,-1.2530522787017555,0.3102437437072819
156,"Non-estrus, Night",-1.6348183692284162,0.11045207583527321,-1.5404090035615463,0.03869828718124234,-1.5226878762116158,0.07935155233333191,1.0117583541682826,-0.6489792500775686,-1.4952238715975659,0.10864393411066416,-1.2231010621697453,0.0006178128516589877,-1.2238216746295345,-0.07969488412240862,-1.1158656686212385,-0.19138662781630075,-1.5545687702358035,-0.14461972152236496,-2.016470101369229,-0.39243466605088545,-1.334910138454158,-0.05225666036694392,-0.67236928468458,-0.2118383567054815,-1.7130970505059437,0.038530366371125196,-1.164665193659649,0.3303282153140605,-0.3653937859148984,0.004728607132844118,-0.7121983755362735,-0.44374315435038675,-1.7331836054310454,-0.47959416849591946,0.7324792551053482,0.7851801855543776,-0.19593610018888444,-0.09280192368502965,-0.4589814835590573,0.0824925409670417,-1.580059301597294,-0.07072812873593365,-1.4620779100859251,0.14002420614243186,-0.2789959784885312,-0.20676058944256293,-1.74936495085564,0.051377842163227314,-1.6291854273544348,-0.0499524053985897,-2.337071523594835,0.4474687623643668
157,"Non-estrus, Night",-0.47433790975428697,-0.24538514173111858,-0.6688642504851264,-0.24905306157834778,-0.8847289324123602,-0.04654103941520775,-0.9216119403710772,-0.15421839826724143,-0.5929647511600685,-0.29563136251603656,-1.6969901817345354,-0.17657563009551805,-1.2461570466172966,-0.18918314159694605,-1.7124098051073047,-0.07279548647483636,-1.7422558986117753,-0.21681955956144006,-1.8659218138021034,-0.49388104964912904,-1.105201255765812,-0.39809199850632215,-1.1380361106509926,0.21730736044202084,-1.9781206127557311,0.4616385767755442,-0.7289606275446746,-0.29152488220307937,-0.08894456144765624,-0.09488667677716353,-1.4120748541852646,0.16587326869493976,-1.8060847904723527,-0.5001263162609408,-1.011359418751968,-0.08489976151977381,-1.568714061650402,0.09764076337652516,-0.5923106005909244,-0.04982453226257047,-1.545158247708036,0.30889967101316235,-1.5863031256118474,0.0454393402493456,-1.755030277745237,-0.0062383598311270844,-1.5527603756094588,0.13761096820190943,-1.8139364809135232,-0.1860220554591881,-1.1767201601394286,0.4162471751333417
158,"Non-estrus, Night",-1.5294279769685628,0.004452336175268194,-0.8727129217479591,0.3444421924034961,-1.4319593500447632,-0.0012704010956723223,-0.7088311082485995,-0.16929738046496895,-1.4633363075092358,-0.024565014043066123,-1.721553099716333,-0.37746658364721386,-0.7284110894246855,-0.06917126180761737,-1.1478830299324339,-0.19888506531626654,0.5711072076249962,-0.03380363629030748,-1.8676606270719847,-0.40700635217953995,-1.3097306083292606,-0.4634948854752828,-1.3076290379879205,-0.030049037903608918,-1.0181230408266222,0.47843772554926645,-1.8571465133374585,-0.07192111396846991,-1.9016646531283323,0.24015209553443706,-1.4012304125376625,0.22445963905015615,-0.0036439710354658097,0.14343838796522732,-1.7365205085732704,0.340562849560431,-1.479731648719281,0.11605213173640255,-1.869716440271777,-0.2585121167621613,-1.211524530842706,0.21446948936209573,-0.39409581065848887,0.062406792260759146,-1.5689790828715902,-0.09595105011206982,0.21189405913209597,-0.07822003957760819,-1.4547276611453674,0.024708483638573822,-1.2141929689676663,0.15387930175845432
159,"Non-estrus, Night",-1.9096715503301007,-0.3453022758516749,-0.28661223077994724,0.08913521488962582,0.3477450886838172,-0.49979830242370993,-1.4876895979707387,0.03876195058728032,-0.929411762711211,-0.12194529770824997,-1.0602184477671321,-0.12052497135831843,-1.5870903122906437,0.01656987441947826,-0.5675539251437935,0.195508867237216,-1.545802749994322,0.013993444032280207,-0.002300856393617917,-0.5119126093490858,-0.5117521222700431,-0.16197820822165923,-1.8832622614873589,0.18189481027418242,-1.7545272902185056,0.0699763125160259,-0.5135747369090798,-0.11854731893117813,-0.4134168673680822,-0.008225532295777065,-0.021541243691030533,0.4055751240268866,-1.261033855061612,0.05928387130620126,-0.5039825960723608,0.19401721057892315,-1.4441815981063886,0.18789586241450854,-1.6451106928139754,-0.3506760794101694,-1.3821426767550467,0.2016076508771322,-1.6518319075292704,-0.0037872493700177303,-1.3877016221353815,-0.0025664611382801733,-0.9188515990850054,0.0857286052685339,-1.2381240009125642,-0.32947731214841525,-0.0410241693900201,0.5866139757822308
160,"Non-estrus, Night",-1.2961225307821338,0.01823726075261378,0.17889634335149499,0.21892003102330945,0.24559616059357547,-0.21269909323093594,-0.8070139127218645,0.13269861396162652,-1.4468948217326878,0.18211612253717144,-1.417148618153909,-0.07517381508562718,-1.6789868540247233,-0.278155200811096,-1.4568428626636556,0.10819306270965613,-2.1590158311273924,-0.5600875800444866,-1.6804883792249983,0.008622603042643893,-1.9984719287813002,-0.31894190147191503,-1.3340562621735066,-0.05079491260911505,-0.964554401126522,0.313377807676952,-1.863841987625989,-0.19126370781681187,-0.8423095271294913,0.12797646723296768,-1.66961585765409,0.27483233447773336,-1.7367111480889528,-0.5853258000317402,-2.107631188743621,0.42082223855399664,-1.5307995730404858,0.10790292431771112,-1.91852382650033,-0.3609578245102283,-1.4941194584734054,-0.03706620425269071,-1.7855841140612325,-0.14050349086526298,-1.626156021737274,0.021559093650053873,-1.605942683379997,0.18487908049662308,-1.4989121504524752,0.04989499431681399,-1.4008459004954958,0.06770422515551267
161,"Non-estrus, Night",-1.7501226499671256,-0.18981857033331248,-1.6587293921593491,-0.17614268184091592,-1.862920109502558,-0.18243106379324192,-1.6282114531176612,-0.041946703300587855,-1.540489135114646,0.3048133866613188,-1.7759503267995995,-0.23547450165262995,-1.4149167248780523,-0.020423463336190578,-1.788912917314516,-0.17586076614421267,-1.9212997455254992,-0.4111344531312828,-1.9623485844629371,-0.3230827019862472,-0.622312254545109,-0.1304828966791953,-1.8716941105174,0.06989361005222072,-1.8206242865293538,0.30247820162122374,-1.906087733445239,-0.18447482512179117,-1.444717941279061,-0.06130270306623141,-1.9221078015580215,0.2718188902112923,-1.9234454362022697,-0.5845451482202907,-0.6446134038169832,0.3058946587395287,-0.886167063790765,0.14677663057425053,-1.9311313205460185,-0.3300474350589529,-1.062374537514263,0.03949638711847686,-1.4028942372199196,0.12807103988963114,-1.0297133225672195,-0.1939086100852367,-0.12499351603178664,-0.28613423589227877,-0.5851976056670609,0.13602567962790255,0.3182356966942908,0.4637150078310142
162,"Non-estrus, Night",-1.3265612696831586,-0.6666978481310486,1.685269786106878,-0.060337264071885464,-1.5648101334325752,-0.25179561023003666,-1.1081815392784815,-0.06023560079289316,-1.6521246657778765,0.36403002646509847,-1.8459172211517916,-0.4194738980500251,-0.5987063609995524,-0.4497070629596044,-1.984284004137489,-0.43048591884432413,-1.0722636940536818,-0.43159362064221757,-0.9559869301645364,-0.26377794371593666,-1.6794441214338833,-0.41436451268492047,-1.3509059327651531,0.302353301689996,-1.8341496523836764,0.28605068677256296,-0.1222323809761556,-0.28911530056719703,-1.8106494477691997,0.31377538655617776,-2.255947134916584,0.2682244772361566,-1.4220037937244674,-0.11604531951305504,-1.2422524588727626,-0.24328297422874456,-1.7400471532132773,0.2448855301638496,-1.0301809000330093,-0.27212950182434414,-1.5231891750737883,-0.15070314218354436,-1.1751638374203417,0.14387293981443217,-1.436898952658203,-0.055059774352192496,-1.762939316625752,-0.04776539995876614,-1.3726113520783607,0.19201724882793775,-2.143188717293742,0.26439102569221556
163,"Non-estrus, Night",-1.6020883361719813,-0.08040360756198837,2.206752147606028,0.1978117747477729,0.5202991529129515,-0.08044408997317604,-1.6235465029345948,-0.06861247758654969,-0.4982271873294111,0.1183937681093576,-1.5222484257812565,-0.1676033447079519,-0.9599826797036152,0.018065660101712594,-1.6720460566288426,-0.27149124515586304,-1.3500990934132375,-0.05659177545270352,0.005994645673562873,-0.07716458684820347,-0.7086530328074614,0.9225488538217332,-2.015250640793033,0.25301467488167245,-0.5406812538879227,0.5634444762554677,-1.875064351806203,-0.28862798695452885,-1.0447607424456036,0.35176970985771155,-1.1733983592308217,-0.4824450170761325,-1.5391251873099345,-0.31087560712139856,-0.33342825743784865,-0.09265646483719511,-1.6471212718868689,0.1379081260517028,-1.6987302143053575,-0.23528428592496917,-0.839224554936332,0.03108594183516856,-1.377358960409484,-0.33397743476008446,-1.6290182415967414,-0.1845553921600072,-1.379081272188776,0.18107656413059944,-1.5298824076849333,-0.07356992956277462,-0.17385325966051002,0.03872367942940948
164,"Non-estrus, Night",-1.8213114598543032,-0.12685595034827224,1.7661504415802667,0.04887008348256387,-1.405855664859883,-0.039165087808039664,-1.5773912385752311,-0.15632485414030656,-1.258141318478105,0.02462134415382881,-1.085875362393839,-0.24859996652562485,-1.5233570742500058,-0.20492451276932977,-1.990439304238849,-0.44583581537489514,-1.828776267294082,-0.37587739986031027,-1.5014198075029663,0.1710761415010251,-1.4738689019326336,-0.700857634654702,-1.5126484713853645,0.5280077807433001,-1.7487946094201152,0.04926719136614418,-0.623327649994992,-0.34757365272747914,-1.4704884845029698,-0.047727604018683416,-1.000307913274481,-0.7652361459969265,-0.9059561146154176,-0.41509636575265274,-1.1516915549627282,-0.3426910657030916,-0.6533579956155015,0.012328221899153698,-1.0576875292114418,-0.37553941617190034,-1.4626072819414533,-0.01693216295429017,-1.121333989864502,0.21845103211325706,-0.9726800055248926,-0.12808600586666777,-0.67122527026616,-0.24330488480573195,-0.7234975938540145,0.1839320598226724,-1.141587172875098,-0.46573314429927437
165,"Non-estrus, Night",-0.768593209885168,-0.27743537438448324,1.3181318287357455,-0.016213617895763855,0.31700682685066595,-0.18877108999438408,-1.1671817507008935,-0.002457657376199709,-1.5187139625004635,0.23237752201443623,-1.6881500912125913,-0.09488144104469386,-1.3901587094721808,-0.2032477751806381,-0.44998503055505,-0.3897980540959566,-0.129301780166952,0.15914360530068206,-0.22222480890244503,-0.19184798078926482,-1.9729751336593302,-0.4970090928513537,-1.248740316606076,0.09062435907418818,-1.4111962657785138,0.5919507306066509,-1.623867392107656,0.0341330251702515,-0.9576279796446074,-0.10224266524881132,-1.495935054551535,-0.20156680895711035,-1.4084958240257348,-0.14477044439197262,-1.6723765504549226,0.27310119610546574,-1.2379771415552872,-0.0022497109528922775,-1.7484402884757548,-0.18277793606761358,-0.8333733954986389,-0.026411435432876853,-1.244605488992444,-0.07080642495856636,-1.0966591776055676,-0.37291787662066894,-1.5941342602979265,-0.16543006011332453,-1.053832241043447,-0.10745746456796844,0.22621725642974602,-0.10742770038072258
166,"Non-estrus, Night",-1.3419280225375187,-0.01943784131354577,-0.5276786592968066,0.16176067275192207,-0.6786179567825414,0.3267914885912904,-0.6184442120513943,0.062077775842863205,0.10047323933299054,0.1351668552910358,-0.8773259291290441,-0.14880375280394048,-1.2675437543952501,0.15230307383367325,-1.4458176998262509,0.05792091601898684,-0.7117562034836447,-0.08731161714430644,-1.193474935632199,0.05395307904339523,-0.3176134133887264,-0.06888924803528666,-1.652638762450912,0.10039917224828554,1.0102782106031338,-0.14217813284029368,-0.7279576261184671,-0.20305470558925326,-0.93641233769641,-0.11837687212352499,-1.3933333069850256,-0.04727455211319129,-0.4972454514009394,-0.2513376510885453,0.35060533602057353,-0.05453837335858128,-0.6691822136152092,0.24595104307780183,-1.026105027061257,-0.10309048908502957,-0.18604441769815958,0.14580351707460293,0.10180348903559744,-0.06265923285306761,-1.273304636467623,0.21730197064438067,-0.5823379400161581,-0.04900661991935514,-0.970884407652259,0.25175733367714903,-1.1799843292483119,-0.1355991079446417
167,"Non-estrus, Night",0.12688829962659262,-0.2275143925521553,-1.6333841199018502,-0.015458769640570896,-1.2405617447958974,0.08896848728335044,-0.9974782469174707,0.10743264514816901,-1.335294318756192,-0.007092249085162994,-0.38612984934018396,-0.06622413867706003,-0.7510214196488233,-0.09019699411381399,-1.227770335943803,-0.3523291427613246,-0.298938192471655,0.3484129638518614,0.23864459425318027,-0.12004727322412691,0.16239058783274182,-0.19371924987196115,-1.1179001095390377,0.2899958442447962,-0.8413495699688645,-0.11934012407819537,-1.3231202329106428,-0.00041065385193963844,-1.4795042443228865,0.05986799622681802,-1.3655089566687135,0.31510226102633726,-0.5344843464437784,0.15993891828326037,-0.3532318150498286,0.32195283783224543,-0.9069570050322892,-0.3262440860830209,-1.2579300298615266,0.10026334308434336,-0.6531226248177441,0.31251819418082266,-0.010115194687457613,-0.11826125227373442,-0.7158367732648211,0.05954158988049891,-0.28745163438253885,0.05862026065435076,-0.5803706772571092,0.07634974840235532,2.4000332292893387,-0.08916517226881863
168,"Non-estrus, Day",1.0042187718995623,0.1558949061003769,0.3522824059448695,0.018813412844177476,0.9522208441571056,-0.11922010171523074,1.3268248295678762,-0.05345606121793436,-0.2821665793770347,0.0500036879969794,-0.3947947115342759,0.010635375662750829,0.37304922619413905,-0.03731454079921501,-1.1037683705885195,-0.18950554803826092,0.8477600563284536,-0.1274374945606309,0.7619354009540896,0.2703232673675766,1.8111407028551791,1.1533461081771652,-0.19984898929841619,0.13888800920128774,2.248464828960232,0.7828988551291504,-0.5298776318612884,0.3767002349411696,0.44291041508029155,-0.14095646028006467,-0.6007928997937472,0.3608176923273697,1.3199493203487043,0.15865040933379634,1.7673557310092778,-0.23268250934348725,0.5655852429057759,-0.0804858333651136,0.815608180069171,-0.3654163468427102,0.3184221251011017,-0.21323814920235046,0.4864227432333039,0.25675125215239974,0.2901773459669665,0.1789363652088853,0.398150553336117,0.17004288676545698,0.07819255221391447,0.10692287274286112,0.3642086417518108,-0.593882581236149
169,"Non-estrus, Day",2.4480013922304504,-0.2215297639552055,1.415017863699375,0.14362062169244544,1.7991700983196008,-0.01547774700464468,1.8306369001272227,-0.04941577540182628,1.4096454190747782,-0.19420598279704185,1.7116684254780121,0.029670211347561856,2.616545179605277,-0.08039338297746813,1.717726555743,-0.21935713658765343,2.6733176382078874,-0.11248955628435289,2.378836550875678,-0.12042543540196209,2.1889593773995775,0.12818421388451576,1.4767615906043732,0.3142019889907344,2.169429972735261,0.15471291697813616,1.4938192487185213,-0.036756447661298146,2.289258525036002,0.2607223062734369,2.4470070435178384,0.6406626562077743,2.00045269709259,0.5494347572750025,1.938210954887055,-0.5008567964287057,2.4921092378956273,0.31450247188876435,0.8105200242207911,0.2731553555430784,2.160201422153557,0.18751569637891372,2.4764091449622496,0.06668993838626186,2.174456305109164,-0.20771674981041727,1.6718996500231973,0.30039337480856193,2.710929987303007,0.05974904524009339,2.4597120499886085,0.08481563775777014
170,"Non-estrus, Day",2.186918820152708,-0.11674480001780904,1.7396246615579998,0.0862193796914683,1.8318023297783539,0.1988272820979084,2.007582164670097,-0.07327197222863316,1.7818037776241717,-0.31521665531198584,1.5028283958253448,0.11858171481292633,1.9400318966319774,0.311112330741713,1.7170123886274056,0.029204421710919935,2.126160865297389,-0.09076366681733876,2.074898085961225,-0.04775647967366612,1.915018620541942,-0.7183717855778022,1.7374919023844477,0.17368699373957247,1.9143074567365672,0.4580928518871914,1.6679304478262413,0.0273581523468404,1.7707815584922106,-0.039928061028352356,1.9693135906791608,0.06856223156383486,0.7727065745891367,0.7761964120258199,1.3651885611512689,-0.8081295653420476,2.4647341313355104,0.3790137458111887,1.1127467472801134,0.7798149266579073,1.613757897761502,-0.4090531264744601,1.2731536621739372,0.569236576967658,1.9708979877620596,-0.0036718743593036674,1.373000092576579,0.6215581387523857,2.179702796453014,0.03237438059946893,1.7791873782216039,0.14539943956425877
171,"Non-estrus, Day",1.0122333667997454,0.7614931431586205,2.6584450989565087,-0.22479297685111663,2.041597589156343,0.15882244471567245,1.8149328676728675,0.14137814887150496,1.665663904244688,-0.019069642156738096,1.4385935676894592,0.18252260048265667,1.7340071232628222,0.16530227825432986,1.7515819297204993,0.06479558462948204,1.9517038940996672,-0.059061508157459496,1.3349420520844104,0.33795599006185517,1.2055273823478603,-0.08053304117263126,1.7513879083744675,0.27848459141101084,2.4327423123940086,0.9713683315547169,1.5606267169626586,0.026075239892492507,1.1282875801989896,-0.41270481041718543,1.6966537072369554,0.32178148764525083,0.2412529865196904,0.39340331686970176,1.880393448365986,-0.39990925053161164,0.7894257442287785,-0.2852564109074715,1.5008371779762215,0.3258849138778697,2.005700622542913,0.07698985186011813,1.0514750148554994,-0.0418914431046547,0.9083858611082876,0.4686452721381658,1.2265372322740484,0.5805062130862307,1.8315081139690286,-0.08580067035415248,1.1119016253978304,0.31700262316034333
172,"Non-estrus, Day",0.9399230230825393,0.5489335773022778,2.4789245360493672,-0.11765467844211684,1.888550158827344,0.24112386587977785,1.6091515131859513,0.2759623920253947,0.46410232038188265,-0.4645194928889482,1.0359968935127213,0.3496713592769655,1.6070705121067872,-0.04403342463465622,1.7653242483853584,-0.017494548299641886,1.898164563800995,-0.24145029461713252,-0.8431616756528221,-0.013878664779103895,-0.283903776889453,-0.3397933467323659,0.8816842568484661,-0.20027119901642348,2.0820816865650165,0.6697217776298592,1.1175657342300807,0.16082771749024255,1.0635712877478467,-0.26871813081969576,-0.3473229230805462,-0.05876583717567334,1.9894323352827523,0.35258877932350424,1.9633482644523237,0.01479023387464833,1.4508771208806126,0.2998630195754594,0.5372080662555035,0.5746842772586214,1.2891696432658306,-0.2108621945635987,1.9186697642364934,-0.21391217327247833,0.8534813113425578,0.6444595107487854,0.6876143198157283,0.8699892340055412,1.7590313771171109,-0.16071147738099434,0.9616005026325994,0.34169481148913
173,"Non-estrus, Day",1.317289632549149,0.12952199722480676,2.021448996373215,0.13315934904540444,0.540316397296718,0.21621127809546795,1.3710604755286768,0.26715529252782705,-0.8305427873374589,-0.09577937359704004,1.4896280427177038,0.10326964870444823,1.5293230486831482,-0.3388708028162624,1.6387497931123394,0.12359591469992905,1.9189481026632853,-0.2502544086510719,1.3987965255645125,0.14427744795537123,1.0940915950550527,1.0352730469890978,0.30255907236212237,0.06712468903039845,1.048676574207157,-0.044124484352950584,0.7457588490570937,0.45562672806531734,-1.003332607539299,-0.4915088796443291,0.7358873456634919,0.36467251454145233,1.2345970461313511,0.7297342769026894,0.38244331525619407,-0.537582918374157,0.6228853058203516,0.0007219711797287957,1.36278471147033,0.01882113239539619,1.7977909841155477,-0.14322047330622636,1.8449798651292766,-0.06974550257835078,2.0168537181399464,-0.012649188832928432,-0.2374361589181844,0.7311803147947092,0.7773001504594957,0.72327208504101,0.388481002112421,0.2844515459859974
174,"Non-estrus, Day",0.9885685374842069,0.5996116891262517,1.965745538061155,0.12256877071429302,-1.5478763166704166,0.07893667518959498,1.4450202846571443,0.047745590719029986,1.3070214732087908,-0.2220063717386439,1.1421879513196538,0.2605289645064659,1.3045107394852553,-0.13267247833410392,1.5498474996388751,0.1194882327403007,2.0942127553922467,-0.3546407978122817,1.9031177125461298,0.04214992081373798,0.6028354141499551,0.19107499020745702,1.517036834046186,0.33175183451219625,1.7470124295542704,0.4323582034280433,1.2651484944556208,0.1029951420478912,2.1493101103927024,-0.02007210316771832,1.0495775608284064,0.28565844394606466,1.467800911766409,0.47979154056942974,-0.3848575588797662,-0.7169311136196711,1.709444224691418,-0.011899134781354648,1.0332120923827255,0.5525218766312922,2.128638802153533,-0.021484329830861897,1.6994295905768824,-0.31310893091910363,2.0817774042479296,0.0017360960116635344,1.0878288799562745,0.6799025601823866,1.9376238071374567,-0.039319696471374246,-0.3216740189610611,-0.0065961808873677445
175,"Non-estrus, Day",1.269375973727901,0.3072266522795611,1.1730156823172566,0.2929464457264644,-1.3502271734251525,-0.0681796043664432,-0.8359335001884967,0.11517201721100448,1.225743657829964,-0.2539066981349982,1.4901034024695616,0.05517560943705291,0.30710635235506745,0.34201460030323727,1.2839467516285596,0.11307942839883214,-0.35799373651442534,0.45638449261038805,1.4802832652705842,0.32406980113804323,0.9529412509390012,-0.2745396081206534,1.3232115600152878,0.3367737922843904,1.6264528641678988,0.17185056431535448,1.8175369508054213,-0.24579335808080183,1.9014551687564962,-0.03441921132327319,1.395526720214851,0.3196697383181439,-0.9694445177866959,0.2613390480764995,-0.9202109888946512,-0.5465241706326911,2.0022364041442544,0.1820935822717358,1.0947335539149725,0.4541404174072519,2.097266023065638,0.2980199803105776,0.35071109622264157,0.6249255488999484,1.9817197106769573,-0.024711317458282932,0.9831686735754884,0.7128966331502784,2.161233223013152,-0.6140852979709107,0.22910840473820662,0.39481815646382956
176,"Non-estrus, Day",0.11126829306865742,0.1308635265942738,-1.75690567254238,-0.14527514274355852,-0.6194210402007263,-0.34183176408244653,-0.17745800691626612,-0.04095132571149867,1.0971614753252599,-0.04987242111350674,0.6753402218143616,0.13155531513511043,-0.10818442247597962,0.08201442143044395,-0.14118184308935963,0.10596192743035977,-1.3061597854703686,0.17632673485963302,1.2886379727217057,-0.07664799331177385,0.37576500922550565,-0.24834633588752703,1.1534142610745466,0.14744685450584807,0.9610504296952396,0.1732974765385597,1.465030877424977,0.06433068359646969,1.498664588232776,-0.1275766939715678,1.8725537819352076,0.8946933905435946,0.8112398226750988,-0.35005908833980937,-0.5174018523672105,-0.2504054895794171,1.51750715296483,-0.0206395357025824,1.5312381491072882,0.4736829660705147,-0.37685093154788735,-0.21382992226758205,1.602077312186931,-0.4401015589418912,1.8593311987085437,-0.346063796341099,1.4307305040591454,0.31717098654293424,-0.8942710141634111,0.3308047973409214,-0.5959146864665095,0.10286717477672329
177,"Non-estrus, Day",-0.5338957031037362,0.25198875863136605,-1.64437266811884,-0.09883775317582719,-0.2914397708060775,-0.004463661569091134,-1.1089016556597906,0.1626317256274992,1.2128869660751727,0.1221979343648981,-1.3667516619644886,0.14838360717243607,0.10187772541688388,0.3348607131077246,-1.0265080770229413,-0.15923985844420602,0.9081590973357344,-0.11762379560174302,-1.3724906212185823,0.1726234060974204,1.9887181147753246,-0.33127162147894124,-0.39036371290314953,-0.19863163220072147,-1.119912413333301,-0.44981918834107737,2.32787587780125,-0.7877110537966254,1.041821944287801,-0.12196548455194982,-0.83875138945828,-0.6115767833203313,1.5410291499084363,0.12717633331918063,-1.215502383431095,-0.01125281341426116,1.2081693535715725,-0.08974773847371505,0.4992727839496389,0.2968946138183257,-0.22164456578657113,-0.06323631403339115,0.9944074058275625,0.5099895203632283,-0.3053583350303024,0.46672404542392676,0.5886591270590644,-0.1516216689801006,1.1252149741914823,-0.10081788045314391,-1.2294985396236464,0.21915831944828876
178,"Non-estrus, Day",-0.5043215612446623,-0.06397866130163582,-0.9933451369827346,-0.1234542850102109,-1.6222774210577025,-0.113138854944243,-1.420126917826313,0.07784215394168083,-0.9709222284087452,-0.28523337427056683,0.356268421278908,-0.07876326585723235,-1.1678666033437748,-0.25984490260991233,0.2873657028495574,0.050260728097491804,-1.0790186640731017,0.006420643197816692,-1.1580673034857953,-0.5392413806183195,-1.1543972182882163,0.2527378342782764,1.0144300729131577,0.2378471516030255,0.2671270503305913,-0.13786469657466244,0.2415707241010957,0.1648055001579039,0.33968359423033684,-0.18915640461992564,0.5584468869506275,0.8337223836661546,-1.4259734613805923,-0.03385947423077378,-1.8554476810241143,0.05915478472611827,0.7888410499791957,-0.05482895109117301,0.44766094189476857,0.3495232833957185,0.6373821105704895,0.12017514318534357,-0.7071870352164797,0.6533462315042644,1.261442330458045,-0.13523189982541348,0.6656292444396814,-0.640150212707567,0.11073012183418672,-0.1465428031904938,-1.247862886966609,0.018720006805187168
179,"Non-estrus, Day",-1.154938657785758,0.25088801775277414,-1.447975671643727,0.09441183306805669,-1.8562305044605578,-0.23561090342931193,-0.6460262517425727,-0.3243834714026383,-0.187475796102218,0.023219789787271388,-0.9846961992930733,0.25486052323460934,0.2131202844503522,-0.15445933875858478,-1.660015207611017,-0.06228738382273243,-0.6213802501664298,0.2941686630551692,-0.6743288971434208,-0.19119241259575886,-0.10239106328973875,0.5417451621743514,1.3154291456992457,0.3705362460414956,-1.3242428330783997,-0.3836048296152886,0.16599672636203422,0.08525572172849605,-1.0543687910281427,0.000595868222904222,-1.882603163397983,-0.0537406934003586,-1.7478813505777226,-0.34985473018703317,-0.8165007983993676,0.3439683414116811,0.4404863465060152,0.27746686919830693,0.155276244412295,0.25246303974845663,-1.3177789119975822,-0.2365116376526186,0.42807546065648977,-0.04909294985859443,0.3370573024435136,-0.04115827629291516,0.47564296268094414,-0.21255243036142404,-0.5602566925019504,0.19504357524195587,-1.2248953525914794,0.5211489831373353
180,"Non-estrus, Night",-1.820297320275819,-0.12177661592517548,-1.139617549957969,-0.2602844672917584,0.1048351383198537,-0.24610800780604852,-1.3556282574484468,0.10104122297400941,-1.6184465410239124,0.14779141250401917,-0.6949210517442778,-0.21980443551962672,-1.50863260793865,0.10136597044323749,-1.8197907570246266,-0.3538521487217014,-1.6758209997264042,-0.12652365027588355,-1.7610176768456256,-0.07329128068328773,-1.079428871328415,0.5459150588546958,-1.3280629532578627,-0.35656565641331306,-1.700588567154363,-0.04054007409819561,-1.812046161630762,-0.04139862479304285,0.17719441515614928,-0.09475845553042042,-0.8042719617779244,0.28153943735696957,-1.4283509181642982,-0.21530525202371614,-0.4957387071563723,0.23000925948449866,-1.6255511027699923,0.1635109262869471,-1.7978500407169338,-0.21801907507722243,-1.5163239213740785,0.025911588514050066,-1.697205344177944,-0.05508875594525852,-1.0402832254886119,0.37012113614018505,-1.1612253624076057,0.2724393523481198,-0.5499763827074374,-0.30826492187259796,-2.0479583840347244,0.37445701538308496
181,"Non-estrus, Night",-0.15925252311906685,-0.5095900204532019,-1.9324505340717444,-0.43412677259716637,-1.1739711984357313,0.10188297979421186,-0.381266361257866,-0.08098543851045094,-1.220826204815771,0.17917012797703974,-1.3267102885553108,0.11451502555231526,-0.960639831584579,-0.0954022746351334,-1.169765254925404,-0.2095294502290898,0.45355708414494805,-0.4729640055277584,-1.5607219475476908,-0.5694423623533785,-1.5964092309664821,-0.33865206777512397,-0.7741393926091236,0.4057924132861679,-1.9371361951638855,0.41233391454398116,-1.5217055546067357,-0.33284725878969096,-0.677001174096648,-0.08306480146122933,-1.5323743229865032,0.23618255285414874,-1.522120548379865,-0.2271426787586416,-0.47732161549415053,-0.7328451046681191,-1.632850736540432,0.21497248881256367,-1.6978626866703421,-0.13624850947122036,-0.05435708742164124,0.03178462974004717,-1.3512076571210099,-0.01438667010653458,-1.0970055781699308,-0.041468686281900494,-1.5677297514523976,0.1908486677119195,-1.6590553023664176,-0.2076109645941079,0.20332332268276987,0.19774867742234892
182,"Non-estrus, Night",-0.43405109072308296,-0.11566403611843624,-1.9460224482594737,-0.47602537886595675,-1.876154066609447,-0.23488982948231515,-1.0116693867989281,0.19862666938980644,-1.120924700041253,-0.09534908125061427,-1.6339352290415563,-0.05650442637993709,-0.7026780682269759,0.14829810746099745,-1.568317488546305,-0.05129778896998428,-1.168441395169472,0.27586750852023356,-0.9621109612220711,0.04439907113058807,-0.6146931930294172,0.38384939742273727,-1.489294562868541,-0.2759848287777278,1.3621773444925376,0.7356548910205446,-0.3324597964321717,0.2017199457078502,-0.13460429903698096,0.05646691034062327,-0.81202264603999,0.565624753390253,-0.9543289005022495,-0.034380910730559225,0.2641501646752665,-0.6431065581151071,-1.5168003013010667,0.27456608839492463,-0.5408873806340193,-0.23623160583558608,-1.643788209868997,0.0432878863705863,-1.3526572465935753,0.15163171584642327,-1.2228719643419828,0.19192704087493495,-0.4388287427848059,-0.1646843090292077,-1.2733219634890234,-0.008083994098437098,-1.9635282660379576,0.2454559851669351
183,"Non-estrus, Night",-1.8690623853497852,-0.12175934286378985,-1.3341532122442548,-0.513571787227652,-0.9664627244028309,-0.1406616130632103,-0.4057832644030342,-0.05432956635528498,-1.6520603628169008,0.2568573288137946,-1.574352522577983,-0.07611095744775544,-1.6776059962738223,0.002114890497485193,-1.688687327333661,-0.2615703483985159,-1.7436167171143484,-0.1905016059997981,-1.3092186484356896,-0.1711729360791293,-1.4421878824608165,0.29592170930940576,-1.9264318385343435,0.2828894762844414,2.200340116163532,0.24527834528974043,-1.3590648406682033,0.07099081702985009,-0.9969646183156857,0.032624952803761424,-2.17471781244423,0.3286340112495524,-1.1081853172791973,-0.01930494919690673,0.8140115932883875,-0.03356111148026714,-1.6275107275199208,0.39832435720053555,-1.6880326682834792,-0.10820170264376783,-1.7996281377257761,0.25892869803093105,-1.565164668011022,0.014707185992708201,-1.6799750747758269,0.03256103353628478,-1.4932467606908182,0.012345415346198325,-1.2866066624895376,-0.22461355270514596,-0.20466980360015122,0.11816303669928728
184,"Non-estrus, Night",-0.9550138515699059,-0.2890526377508769,0.8486979950623013,0.0892794840019533,1.051196494967793,-0.416621463945562,-0.4919139886038168,-0.16315058906637617,-1.812856191919444,0.3971733036903526,-1.6844277871915645,-0.39313409614337314,-1.4120216172246538,-0.4691387622960814,-0.30783435884700877,0.17019594422845624,-1.968840161499776,-0.29737443880030656,-1.1260504557509325,0.09645500902918554,-0.9149322219118711,-0.5871256445363011,-1.0290571788627085,0.3685413289884718,-0.10122840866490734,0.047445380347051924,-1.9892567120429323,-0.44257815409472123,-1.071324414830106,0.3021118561399578,-0.3639106879435,0.20499561841731445,-1.5355083346553708,-0.23292850801017057,-1.9682971600324863,0.2604761393776192,-0.9960723032783589,0.23158986508731216,-1.897583187882884,-0.29953543380258313,0.17115517839657013,0.2262376615423324,-0.358532530433265,-0.15100886442983896,-1.1543497209802562,-0.20648159700118915,-1.0558685533642609,-0.047567963082378865,-1.3893125274321467,-0.17032189136512574,-0.2361655397203201,0.1915284176316042
185,"Non-estrus, Night",-1.5625472890869696,0.2904508193589547,-1.2419378547537117,0.060197335640925984,-1.3658475967359345,0.0730992066515111,1.3121282286132103,-0.11790131363343333,-0.6755647887145364,0.23429180681652753,0.40090928438916484,-0.25479641133445297,-0.7232723653132008,-0.1353394440034943,-1.7081374595657501,-0.03889610799471235,-1.072914670281538,-0.5257797576388001,-1.634090935214875,-0.01559384431774852,-1.370401906665687,0.2988766968630516,-1.5363426980475285,-0.25024067374310466,-1.255575861051394,0.023646191749544864,-0.3959174177995582,-0.2619662651543967,-0.8197528467772451,-0.1588148369404336,-1.7829629012870973,-0.13394032815045517,-1.579276385883269,-0.2226381981786767,-0.4394316235675976,0.25332686397453946,-1.6889337131255069,0.29715115057115216,-1.876340170329061,-0.2712081096329754,-1.5017194446521467,-0.07295776993108796,-1.141946716048767,0.35345014150138065,-1.55170424202638,0.15973320538870156,-1.9734947060299861,-0.21119590093732646,-0.38156259612161875,-0.7337642579683544,-1.7176024544937345,-0.0598977093364657
186,"Non-estrus, Night",-1.6235695919725512,0.046494748465803704,-1.958645562908323,-0.3480641698532445,1.413724451249353,0.3773793867400232,0.43007539936180195,0.19915812997523843,-1.5998366914829727,0.2100230928024943,-0.18553722837367978,0.40572360289701226,-1.631904362458743,-0.05518234035362407,-1.7812454417418282,-0.2703554731183153,-1.637080096830964,-0.07442058155633972,-0.581403502544088,-0.3571846196883164,-1.8958211512191587,-0.6204901186895494,-1.3883565268398153,-0.08627570712262721,-1.5697871311118352,-0.06484237875233974,-2.0142093367080274,-0.22898393733903855,-1.854151934158454,0.21296511685849354,-1.1333741551974101,-0.7335388895981129,-1.7298115446079994,-0.3816199758189371,-1.7512712017803718,0.1451928381151022,-1.7358876699169226,0.31299102119414807,-1.1014261335471,-0.3180736402820603,-1.5874685965216229,-0.03477750290535726,-1.396687678802211,0.07647891652331004,-1.44675117479197,0.003204979129915542,-1.8962484449114991,-0.2505217322402427,-1.4450129828284408,0.008865425118793454,0.05443676633914731,0.547879655605006
187,"Non-estrus, Night",-1.1807046143870512,-0.2891250866920197,-1.6126514549662143,-0.16573539393504322,-0.289918617990637,0.2106327279632158,-1.47596218156528,0.15017803575782923,-1.830796414880439,0.3698422699412755,-1.4315124596246627,-0.000845710521222117,-1.5552341261378333,-0.22095558547774335,-1.822350748397234,-0.2542499575475186,-1.9847594102194004,-0.4268720970248134,-1.7018243443702992,-0.03071298147161205,-0.8521305348475422,-0.4467060345613632,-1.600846325889343,0.01512905260271528,-0.8067865825513428,0.5965829550067989,-1.8825850377542406,-0.37168850601914627,-1.3458875491085642,0.07259663112882787,-1.479937580130436,0.04488418599244462,-1.3994217719066602,-0.148366320646193,-1.3270341464096842,0.18432723142529997,-0.9673476517805509,0.30323323348763337,-1.5146300896498448,0.07936948922143612,-1.2832553574462533,0.12582521849244377,-1.4024069979624132,0.07075959736310775,-1.4285273793323463,-0.2741110067115948,-1.8397130743324666,-0.06005246824087436,-1.5049245474388528,-0.09607643772772147,-1.8609663204211107,-0.007026301551474496
188,"Non-estrus, Night",-1.5302397204578906,0.0016079952636343347,-1.5240429614186117,-0.2208586342802309,-1.8098788314762009,-0.22435511180796208,-0.37036263209298925,-0.3748442109988486,-1.0789149569069174,0.3228989521674528,-1.902486117917977,-0.27648591623710495,-1.2970321993910192,-0.3842567049033328,-1.3368228150327006,-0.555370829793269,0.2528430550884202,-0.17641457784442438,-1.5593712016444454,-0.2980973259158089,-1.578367400939086,-0.03796383922418885,-1.7847344594868342,0.4029267104391217,-0.3947283131489972,-0.13996485534452813,-1.0085831968387347,-0.09140324819535334,-0.9675978155904368,-0.059751644832685864,-1.6810600560028326,0.6320419766005123,-0.4695369878407658,-0.1932213594324634,-0.9178778313572507,0.1257407236087626,-1.4237001832200418,0.2507199040436091,-1.4030162390673175,-0.2320509695386193,-1.2434626282949128,0.3768822423857192,-0.9662422839666073,0.04601687456831471,-1.5751572395664137,0.1230962770843053,-1.3317089804808417,-0.20311591184921407,-1.357391111832967,-0.16639228277757723,0.19577759841343115,0.2620210172436302
189,"Non-estrus, Night",-1.6774251863206293,-0.06630617112915803,0.9030108707501043,0.46148079304388384,-0.005689348064626514,0.5001199037887556,-1.6637125950078098,0.0720851579568983,-1.1286960071210745,-0.16734141694568225,-1.294064707552559,-0.5539281097228517,-0.9814858903424029,-0.07821798336236446,-1.415996684593666,-0.06652296439408137,-1.60460767388032,0.017227147186763672,0.17393253100374906,-0.3218333608986767,-1.2050896244099256,-0.24755272908035733,-0.9197405386122615,0.2044430255096595,-1.4243073536051245,-0.24859528160175093,-1.6187322096226227,-0.5252926503738891,-1.651638763346654,0.0511034266345641,-1.7743950254126108,-0.034196137300544695,-0.4184051170313369,-0.05931262325084032,-1.0383748623506637,0.35240400537392996,-1.5021458228719167,0.2759704931494753,-0.9814424950061924,0.12373992737593197,-1.5854645573653245,0.13174822138475736,-0.7943179774278081,0.22979732096024824,-1.265870743146404,0.01159564994173415,-1.6200428631953776,-0.3649566730000998,-0.35331852734356317,-0.2588683120916553,-1.1693410647990239,-0.11517779721072302
190,"Non-estrus, Night",-0.6924247848655005,-0.20126694936481573,0.06791053086165678,0.5538173346242444,-1.7000972234536609,-0.1104445765662449,-1.4920305245775787,0.01590741406692395,-0.9494331268632561,-0.08683351465284718,-1.5208269882440892,-0.15667919866701768,-1.2353677335187518,0.07038804461839342,-1.7762121652783693,-0.3705492446780504,-0.8098586179527556,-0.29135691779024014,-1.0549261463934527,-0.07056949172566127,-0.31169636031321707,0.2167452253407198,-2.0940796349307504,0.3424956590915725,0.629451770347919,0.238648307414921,-0.66229609764742,-0.13076687596762906,-0.6097401092464976,0.04378495349569963,-1.130219321109178,0.07512638072971004,0.22345565927974326,-0.3481353993816064,-0.042993623634161496,-0.20393555046354717,-0.7514507780573612,0.11644308553490104,-1.4133399373123356,0.06832277950864232,-0.31633800964213715,0.09669445760788307,-0.5509830202053374,0.028527033690179747,-0.8196087941751501,-0.0410407928906692,-0.9542203852739366,-0.010406484416660703,-1.2558218509236774,-0.06725709204321205,-0.18289300479591022,-0.09810501542589989
191,"Non-estrus, Night",0.14955194415968806,-0.10728607174835608,-1.5480162453144661,0.02059967799089248,-0.12977694837718928,0.2418421688529313,0.05912159994768529,-0.24300186141394228,-0.6897925530629261,0.18492423435791086,-1.5881333724341786,-0.13846120632320397,-0.8832679751995867,0.09606063184163721,-0.5428612234364419,-0.4724580287226695,1.5026588946534019,-0.2465898336176939,0.9424353743208992,0.44113113799725673,-0.4922197938004956,0.21196048523595254,-0.7277114842652308,-0.1656264343295581,-0.3539279783154081,0.16202888897824275,-0.5761979040603442,-0.24345771689786797,-1.8034341005241883,0.23745252231178757,-1.1009823683306843,0.18943729669394524,-0.9030768124466446,0.18158024617788132,-0.04841212913793071,0.20624178610753457,-0.730608196880427,0.27525925997561834,-0.5868704106705993,0.16004850571326115,-0.04284545980068027,-0.1550523163050044,-0.3452039317313575,-0.06950746157240874,-1.1289241626845203,0.1595288393739202,-1.4831894644273311,-0.1946198008769691,-0.27894975658589094,0.26458640593958493,0.06188756546658187,-0.11868039088785674
192,"Non-estrus, Day",1.9403168853593906,-0.02187036786366243,0.48715612855397067,0.0865423838537273,-0.7960293347878589,0.403439689887305,0.2098043662730743,0.12272360467614035,-0.41851204962712474,-0.066954301916431,-0.018285067948600367,-0.09221383194159609,0.5587004050407529,-0.030722926679975362,-0.23278348196346543,-0.15727217812235347,1.7550158229379456,-0.24238741349507717,0.6867951616735041,0.20487513082412082,1.3449146964558178,-0.0963815728858916,0.6200830721493071,-0.34931064714133486,0.8931750010409344,0.013198202064606443,-0.9134462161802201,0.41456440379894494,-0.4141800005722562,-0.12331911876703278,-0.9807490521704922,-0.014112993869629113,0.8597311598572621,0.04487747642864818,0.578153575064396,-0.2555450497094653,0.18630229176823385,-0.05650567266694904,-0.4913853504063682,-0.0005135159930182689,-0.06882936614647532,-0.08693596909760624,0.1730637184131773,-0.013629265700114714,0.15236453737945635,0.14110169825112664,0.2738936219376568,0.16731856235952372,0.0008875637768845662,0.3071018842472229,2.235662837168844,0.07790648725891088
193,"Non-estrus, Day",2.261346366654104,-0.0016653050702861692,1.9048348295747606,0.21797943704560463,1.7586412523761517,0.24840504259067253,2.4428332042273855,0.004523983613833534,1.7147266501336076,-0.1899336263370431,1.7275652820398373,0.1469292919495681,2.4524479137487223,0.03915237847748182,1.5467623768955971,0.014240927450232723,2.2947675969747445,-0.16652985607497606,1.9293629723074799,0.3743887098473216,2.0600990394675422,-1.1092943814688614,2.1337717007519315,-0.4462845961437357,1.5036195855202263,0.11995870552896017,1.9946019727770543,-0.2688426308565987,1.9263741714001903,0.34717659191173267,2.0139902274834474,0.2780023666898643,2.2871988916824986,0.3412090834148514,2.2776659946864104,-0.10931296372671201,2.159588134290141,-0.13986170050708285,1.461469936931955,0.08613299998711686,2.2134343749040526,0.38435916680696536,1.5037431039082725,-0.17830551918159243,1.4294798906099495,0.3107668672751408,1.1514349921506133,0.4719204996077115,2.7626157638816564,0.1698525060169304,2.373384866733615,-0.3137346785859835
194,"Non-estrus, Day",1.8242106952249866,0.07747876876640444,1.8080727052505812,0.07493303085958179,1.8629816835485935,0.24445788113526834,2.5432810454832944,0.05930417908398997,1.9832022328781793,-0.1986384265309614,2.03165618439231,-0.1504009336815622,2.396873167027495,-0.07188329537169345,1.8346236196626824,0.0701940158361042,2.453687000881884,-0.3034869811301342,1.7781671636121898,0.5402631192666996,1.516045354756225,-0.2928376815772375,2.261639246728052,-0.04003092564329522,0.4922790567935977,-0.576014965814436,2.43830219424916,-0.3009108319959332,1.8987374606365255,-0.06422268767359891,2.093292557615137,0.6541661632966643,0.6824544208904969,0.381021315476546,1.7173536885770806,-0.5056028130087088,2.458841899979247,0.3146483632387617,1.437295025258524,0.2663909363691922,2.2214134382584603,0.3274521076132766,1.5970413923427504,-0.4184611641165191,1.6762235653780866,0.079593051835125,1.3910516269045863,0.6247281293670227,2.144101371556554,0.36918569246645544,2.0626586712132795,-0.031371790841619646
195,"Non-estrus, Day",1.370614805836226,0.44911743283401256,2.426419696934207,0.006217720528697638,1.7325619009135993,0.7953110896645242,2.4278530975855777,0.05647769742858607,1.7728185542091985,-0.2566486269288383,2.102492088501414,-0.08631724582994113,1.958175045487447,0.04244325644979557,1.7268715233242788,0.14326898260551918,2.1902943760859026,-0.22610820297437437,1.5993130559403586,0.5912503050753697,2.2933787156031933,0.1769529658503361,1.8335224102384111,-0.14147016702785184,0.26626690947460785,-0.04714591360973049,2.242292097114038,-0.29548137415350983,1.4103810433321178,-0.24864827409843993,0.666966522100823,-0.25238308448372626,0.9902911086661011,0.4009621502821392,1.8905636219930668,-0.13692250811053314,-0.08221124682436376,-0.5056234763459755,0.9642386474793141,0.3944885771294422,2.0083306180534386,0.27550828368885844,1.2420328020074245,-0.6117692364939304,1.1052012092529737,0.04801319615185871,1.217948952131665,0.713292598220868,1.9408166070597874,-0.25884431755463416,0.7432861850936597,-0.37192812646812995
196,"Non-estrus, Day",1.519197225650796,0.20456279749467332,1.7777393829136299,0.3951336460699431,1.564118214264123,0.5463533222410916,2.4278409384020763,-0.040374882841002734,0.6196943697724274,-0.022962108532347033,1.3760558724575638,-0.030363795063644405,1.597511758077308,0.24748142574472434,1.5441948863959105,0.23643023855348433,1.6361616705619342,0.012899077203816956,1.5162156577494073,0.5732284538337167,0.34369941734800036,-0.9760442557374722,1.6969675418229169,-0.021654140154357668,1.4262353116644586,0.052570722653644555,-0.046268953272542136,0.6986271654558333,1.1384038999854287,-0.12403274788277936,-0.042999191251367426,-0.07894363581021828,1.4814574498643658,0.599741624953502,1.9871853512656892,0.056201155348090136,0.3816688482897943,-0.05816195078512018,1.493451449093684,-0.17133001529607908,1.6697563602956795,0.19955368780826427,0.9944328770796524,-0.004405686973344302,1.535320299058883,-0.24149060159703764,-0.3877154601728743,0.7235158074598211,1.1952167637538371,0.00812903190800236,1.6270606213794356,-0.05460602667164174
197,"Non-estrus, Day",1.2776111993483648,0.43335252839379174,1.5314750013537288,0.19188387100350426,1.607625509780812,0.31115803046331447,2.31423681188846,-0.05144209291052605,-0.6102885518666444,0.020267155064111902,-0.042213469858254235,0.25446339779566174,1.5066909268037103,0.23272129453231197,1.4370686885732151,0.18549324113152316,-0.4582644481521482,0.6338559420308222,1.2751123479901747,0.7128863230331463,0.15217283621646513,0.7479809210003646,0.053368102024115925,-0.7686656151267178,1.411607571564378,-0.09587833218473787,1.5237957504652575,-0.004129425454331165,1.1579796932343793,0.08200717613094828,0.9262079947311539,0.2229534338757632,2.3820915288989264,-0.37028268170271256,2.1150368640412305,0.32094359073893103,-0.12312408324988722,-0.5891669845941323,1.5127329022595726,-0.1682412629662701,1.723658513421516,0.0600275419636854,1.3856477201095072,-0.10670266533020788,1.8286675329374495,-0.4348501451028663,1.1044696859681682,0.0318344136637262,0.5675300642062231,-0.1412628782669501,1.773868152768689,0.4910783583288294
198,"Non-estrus, Day",0.9361473880092925,0.595972877786689,1.392339869010292,0.23529853207134907,1.3932367205524792,0.10915602289251325,2.1718216446875793,0.08669513627034574,0.9781520937923989,-0.31459083455173553,1.034698811832226,0.025281188468393327,1.398743149080942,0.05505120842012367,1.2447396573817724,0.3006723794059193,0.31925555779381626,0.03602730851010564,1.3710133735325722,0.5484851607783494,0.5226183866149487,-0.3284887707838274,0.6284389878457205,0.1916717823133589,1.610892223454582,-0.2119605376777671,1.7426887906537407,0.014649319986721643,0.9591141533260222,-0.22320564325028291,0.5074267700036678,-0.5372005292046101,1.1203363652960185,0.5049567403234767,-0.2680679896509464,-0.5970584155031224,1.2778329670180728,-0.010866682470983772,1.245068173598426,0.21585021702479185,1.7587100096189594,0.008666713819815583,1.0579822961611116,-0.02072459944158306,1.6454671321703587,-0.09838394157465499,0.8740174725555235,0.9584222239656466,1.348766581997404,-0.0014038515683715306,-0.04635593863220763,-0.2603041219583384
199,"Non-estrus, Day",1.1634669176401562,0.15660045290107738,1.7580915810680267,-0.04521799001660197,-0.04220040600189782,-0.051571571616438376,1.5817601963255528,-0.13024586614234485,1.262294678926609,-0.07164664513295983,1.7753149571951417,0.1271041510780853,0.5384111993785683,-0.0018895968859778357,1.1407540950902444,0.3264327889488144,0.7306855503029394,0.19262170994524966,1.2298366928466413,0.4446923049356326,-0.11083932871546892,-0.12865218165883768,1.81731457460122,-0.0948280740415687,1.3837521972107745,0.048460467124910464,1.9177572094252509,-0.062081704963700454,0.8252397386527061,-0.13811300528241055,1.34826655904785,0.3808160618857084,1.4841864040098942,-0.11971533817878717,-0.6875235231244142,-0.45075979807781363,1.0043375880359133,-0.416862798199159,1.630666477587432,0.2107996133433746,1.9910201357480264,0.446398308489793,0.9410193486131732,-0.462409987928034,1.334902916826601,0.18323006658088517,0.9240189471099466,0.7504769408216454,0.37337940841930706,0.3023128517763497,-0.2807994056197012,-0.4107912605018838
200,"Non-estrus, Day",-0.5960660117935168,0.3808826076383803,1.8939537470384926,-0.11918317279473456,-1.45199332284697,0.18720645067057332,-0.8542842197787701,0.07118706850970803,1.4083206527396692,-0.22521782839769888,0.2863407698828438,0.33066793393672606,0.35217070341890355,-0.3798664409165477,1.203746054098385,-0.19085644890881265,-1.0926030998149137,0.46623865379568147,0.44054806252840145,0.13308588094735072,0.8590795033262065,-0.5148502668855403,1.4138975273184402,-0.0657523921526182,1.2940593151619688,0.4876036240418497,2.295914232898661,-0.5479943515255514,0.7220034034161669,-0.029795234972387886,1.6061150028823932,0.32206013639614894,-1.4740365335915349,-0.14527218830819144,-0.058507494091450535,-0.19726886757057097,1.5247849405836107,0.18279695131626542,1.3805484816751128,0.3462703060902037,0.16692853689148743,0.04426609665903954,0.05888845086244554,0.5805998229739325,2.1171532420821473,-0.15625238403143998,1.124045715571068,0.4916561114538397,0.21687074951203325,0.20909001741711264,-1.1779341476826084,-0.3348418102385265
201,"Non-estrus, Day",-0.5594364747261985,0.08010097260284833,1.9694075130564384,-0.13815171371365842,-0.727122699614839,-0.3348589462888323,-1.5200720812597661,0.1744260803594047,1.2419815521375788,-0.3218831715398382,-0.7327809688350575,0.0876007230264602,-0.14091263478861699,0.0698859820510445,-1.1989922429323807,0.3118977256911323,0.8232473931484224,-0.3571548471822555,-0.7670747684711365,0.26297322767169445,1.6313820163568817,0.649935328032743,1.222968658476252,-0.07416790894698087,-0.7196846920448432,-0.8051175885750611,1.2398476295174212,-0.012423418538157704,-0.575040936613199,-0.19722048312103935,0.7562253888166258,0.4359831432320386,-1.0981507771844958,0.12587549354627547,-0.9137785352681085,-0.3196120522504826,1.942956586275845,0.15104218223182894,1.7475384018667697,0.0857930688837711,0.31267945834077987,-0.1762359295447099,-0.16930152216786692,0.20881476668332472,0.992045788240283,0.020553325107526242,1.8624003646244935,-0.42308072031965355,0.17731710916951024,0.24864365775963565,-0.5072854048677199,0.18306710613014401
202,"Non-estrus, Day",-1.0791275240256173,0.18848252679608477,0.5312867352720991,-0.013058743320934993,-1.1670243143924708,-0.1368413057035753,-0.6660287311526885,-0.24754552972666688,-0.645315958132848,-0.31981013712457007,0.8288713926510783,0.07708275538937245,-0.10211789988971592,0.2132641795340757,0.6521430195021476,-0.38897833189315634,-0.6887283157805903,0.5398770538914398,-0.28221415618966356,0.1884610534102602,0.5817060770319173,0.2900337602341352,1.5686205773800683,0.47494733821250124,0.7059353815488909,-0.07246620262608325,1.2641972404574668,0.029154575393388064,-0.27562912030436193,-0.058612596095577,0.12522686318736495,-0.05502025310424891,1.3937081391646342,-0.11140971130652069,-1.443966452994004,-0.13114675419617086,1.2841069215755747,-0.21486563622780014,0.7697095348433886,-0.04090696044316931,-0.41487816748481643,-0.4748071053484821,0.4709140297666846,0.06636447585204847,0.2716386171076013,0.08118770721141325,-0.5368279112878428,-0.1498317710391839,0.22054412680768234,0.3843653420449383,-0.9283973251095202,0.39483080231120365
203,"Non-estrus, Day",-1.5928277761220313,0.1626056560531893,-1.6136682442972055,-0.04295404750436098,-1.4264945322157945,0.12599776969902615,-1.4423895078083846,0.27916700676131073,-0.7225660975081455,-0.20591183755540454,-0.186585948289719,0.06785665934745491,-0.821560093615882,0.3019669239580062,-1.4859840289107844,0.10561406392469273,-0.197167278566038,0.12185637465092841,-0.6734283612777567,0.3386200154961193,-1.0116055096961927,0.38234914086661187,0.2065133494397376,-0.01791341927431312,-0.8812481402882035,-0.44719636683436853,0.7236525887114907,-0.10453518570715066,-1.1863502031916953,-0.25056292415421794,-1.7175751100990317,0.050622803871626126,-1.3871851523844099,0.008307482331620862,-1.112308213357038,-0.2869671409924191,-0.15925251953938024,-0.07829781418648804,0.18001152106408078,0.2023070750333736,-1.3456737369053362,-0.20997592374040017,-1.199142014909887,0.11693072736160325,0.21984236379730446,0.12398263559764663,-0.7582099395199504,-0.07978356821778389,0.14241923617515562,0.05066308304534025,-1.0001175167384628,0.13294446914657937
204,"Non-estrus, Night",-1.2506570572248765,-0.1314266182315363,-0.8968581982161794,0.24580820712952325,-0.9722138948168723,0.03319555055695946,-0.667537083404567,-0.2191472813490185,-1.5701396956935627,0.11673076020607781,-0.2587770808231877,-0.1627129482487966,0.038894352410422404,-0.35403883748557663,-1.5632779628102849,-0.25364749380394847,-1.471666560301366,0.09958291871732534,-0.9917112304713543,0.6060170688462089,-1.7632940598749407,-0.3620169637545316,-1.3250013413381234,-0.07050182351668023,-0.9729965377416395,-0.2522769358484358,-1.2132856856538408,0.2446004368766363,0.1996096085404944,0.22531507503803913,-1.7654586991740708,0.2651403417534298,-1.660874521358692,-0.3050809955456526,-0.23142173750132433,0.08181162661105683,-1.37774017368821,-0.0933331245856669,0.5860341567335915,-0.014077227683929971,1.0834179631795886,0.3863134522368926,-1.5899895144581098,-0.050132132458707894,-0.772315834343994,0.5721688734629887,-1.5776672395988582,-0.002627859566112211,-0.43789812931979877,0.38799017349691767,-1.9051215832242006,0.0573884668058808
205,"Non-estrus, Night",0.5683186691444975,0.04521039091432433,1.5711287284334126,-0.2783428593759074,-1.519065893000193,-0.0863124804415133,-0.5655128610064963,-0.09291295367942609,-0.3186434418330433,-0.11400644354876137,-1.3133798874344569,0.19436438619953803,-1.223400432782455,0.358075383076488,-1.156828131279734,-0.3130572146867606,-0.20508522300626633,-0.21629795372786456,-0.8617925459800225,-0.09343132373969032,-1.8478900212044527,-0.9049980169900939,-1.3998219518048787,-0.024593757531562257,-1.5800001508030086,-0.1411599033142279,-0.9793939939510433,-0.03305832024512243,-0.8140328279737191,0.1525466928414266,-0.6177203789928886,0.301891674340333,-1.727861992280087,-0.406699604020721,-1.7785641929684284,0.10613192257081239,-1.5411300265403636,0.197524113537111,-0.24437653322758152,0.42765114178941027,-1.7971019013794287,0.14767358204173658,-1.8078549757041114,-0.45917784883650153,-1.9563250366700535,-0.3206951911500583,-0.7680098811830137,-0.4665826172862361,-1.6931276295135527,-0.08590280054607584,-1.612440999465842,0.2536372837571225
206,"Non-estrus, Night",-0.5563966143110721,-0.04084760974271144,-0.7014058319029541,0.021605875945550322,-1.1801959709626269,-0.4369734040065518,-1.699191035292857,-0.16989123905583514,-0.7634700574751291,0.03763489054237949,-0.5412957297721864,-0.6141686372647638,-1.3604355210678285,-0.08161790753568655,-1.2087549849750236,-0.059519142567147534,-0.9146511823353443,0.19178581408773723,-0.8511330611181351,0.14153111018148182,-1.0894839035166228,0.02475332674568469,-1.3740756359583073,-0.15685997409995506,-0.23726120517407137,0.19679056827976382,-0.4334557367711105,0.11795238836041197,-2.202114514987203,0.6259700666278352,-1.7055782084107247,0.12472010906681419,-1.721498350247927,-0.38597670983215987,0.45122540870630923,-0.206029774539116,-1.3491576759202906,-0.05466904902183958,-1.749367947467207,-0.2535366174146595,-1.7779741880012276,0.19786052943585056,-0.2463722055268578,-0.032920469596864566,-1.2840290200431153,0.14944722042331673,-1.7005165877739494,0.09402556203101327,-1.6695190811277245,-0.274058357378678,0.2245856103652535,0.6748702263747893
207,"Non-estrus, Night",-1.4667963394633172,-0.1361757685501191,-1.8383068949445147,-0.15113851959619767,-0.5551815158854478,-0.17530454421697292,-1.6543328914188398,-0.1392743335768307,0.18241106639258073,-0.0491702428984802,-1.0202546502870657,0.33333457428582036,-0.46473696888110555,-0.4802315236250139,-0.9523937308702091,-0.11883903253191445,-1.393536958177368,-0.21647137096973817,-1.4653703008549803,0.1503576178315381,-0.9924812900790674,0.10564655995651,-1.6050021810810986,-0.1267995274811693,-1.2211051800713322,-0.44846935727965587,-1.8043765716701943,-0.27095061602313736,-0.5352828536210562,0.470357196115756,-0.7483352795438595,0.37696192528904904,-1.6518523190665375,-0.3889716013243285,-0.44295974295682855,0.01023963000855007,-1.8430706538479482,0.3368685486097262,-1.949987740202518,-0.42177100847781085,-1.1645703968884777,0.11043269359537307,-1.678458784183184,-0.1815799091513945,-1.430343582424003,-0.21220487777549785,-1.6377762006983638,0.19893032296114893,-1.8363529287213143,-0.3082353804388831,-0.6596095921034597,0.6798028877883925
208,"Non-estrus, Night",-1.4412059077893864,-0.10448754460926932,-1.5475139367805921,-0.01981434648121028,0.0898269936736254,0.22403279580105284,-1.4746792726243938,-0.22450774892962308,-0.32355942595957987,0.02133387538536497,-1.4416174814145755,-0.11125709985089723,-1.2922095742639859,0.15774461440582377,-1.4745294495607233,0.06700917382682683,-1.7744218803447165,-0.17167586759778078,-1.2636685877240739,0.014220321268213237,-1.4592788799662166,0.2920111138076938,-1.1659826167906133,0.09916943130600107,-1.2624401750545557,-0.30729142661982256,-0.654050790610996,-0.09469110409878109,-1.5251063366718922,0.13087726394324248,-1.235352196921021,0.27798278936242166,-1.6185697490787314,-0.3379511316139094,-1.0812200275029082,-0.6122243133599509,-1.4360816440743844,0.2610940044999888,-1.6960320527733712,-0.650560214724291,-1.2240156253886783,0.0027072696446963367,-1.0090416408822505,0.5426718809702855,-1.5886355062382256,0.13049256745606788,-0.3894966699172892,-0.4241442682141311,-1.8406511009911732,-0.22855813167384745,0.0469956861509231,0.522905526906406
209,"Non-estrus, Night",-1.7840588222154856,-0.1790375992909331,-1.3907663300743038,0.04565836351943743,-1.347344607950012,0.11018236792373144,-1.655823517985712,-0.005473195391080803,-1.2797398471314705,-0.19630471671105068,-1.585077728500422,-0.11006500637940274,-1.3320436522675645,-0.07857960542248431,1.5106058276672887,-0.006591294396057087,-2.126631098149461,-0.4723453029381255,-1.3471186954305485,0.1495348181998063,-1.2421221920482413,-0.3402358829564681,-1.8297228532547851,0.2166147483539748,-1.529618619004741,-0.1865492883286653,-1.998244222973314,-0.2912091771811351,-0.259308663852932,-0.08306334866458089,-1.3449396850002584,-0.5983472529983648,-1.6008616080806852,-0.3075730622425681,-0.7267451726991994,0.3526376773644934,-1.1927861470384498,-0.09762471541879429,-1.461490614451041,0.029280496590231794,1.4738272687369565,0.8480667408803375,-1.3955625213535348,0.06871196908213534,-1.6660615965916108,-0.01395183761616167,-1.9274143273341022,-0.15767475038475715,-1.5449683944577202,-0.15194174088359821,2.1751139337324115,0.33699854512714233
210,"Non-estrus, Night",-1.8020695158305409,-0.24176543619672772,-0.8416134871393128,0.26328399543164194,0.39667615523155525,-0.09258605273678572,-0.8953595489761156,-0.4811487190685979,-1.323544315042809,-0.10076166970248666,-1.969306060080631,-0.37603740991273343,-1.4294662351669214,0.10764083898966322,1.6632924112903502,0.15120339835434382,-1.107286569288768,-0.04284495117001276,-0.6597320527373837,-0.11152002124042319,-1.4968189886951027,0.23689713574055696,-1.9578085460107926,0.41165580727798445,-1.0136089948294762,-0.10682939630015871,-2.001691441944875,-0.3860993520306617,-2.2206695832695433,0.5002123788232369,-0.5909591540346674,-1.2773425070009112,-1.677394001610797,-0.4778629257350633,-1.7398540429012819,0.024291733127640797,-1.8234224200260754,0.5480667605535507,-1.7079062503154814,-0.147304116918615,3.0155498254490842,0.6015769629136248,-1.3234278719356045,0.05192556960155754,-1.7578165610903453,-0.04967509636635444,-2.14584710373424,-0.30045967957526143,-1.5424160134154157,-0.2504032721006598,3.536963573469293,0.3906130267815906
211,"Non-estrus, Night",-0.5128946459305913,-0.38353915160043295,-1.4232825246213932,0.1705126805337973,-1.4560939841677647,-0.0047603991227872355,-1.3898674349325566,0.1209187513909487,-1.3832593445328618,0.03763911549793049,-1.0247245951736097,-0.044908571748890916,-0.9466875009519121,0.0627484665301977,0.6312171643053011,0.2265662101764997,-1.5369884866765788,0.037124313590134475,-1.576629511268211,0.12494274594716931,-1.8083262412159162,-0.42755199265680016,-0.9714272780525187,0.12221903261391277,-1.298304963174806,-0.286403078851064,-0.723618082741435,-0.22124458612418368,-0.2739922567603866,0.05763983406527065,-1.1395047723562222,-0.377476979945095,-1.6284256353571709,-0.4221372643490129,-0.7790067192084238,0.11847152647908947,-1.088469479021625,0.32699808142752196,-0.6618160430040074,-0.2721485888161558,2.7008450809182736,0.5737857365694669,-1.190350430902594,0.2472477448635236,-1.152393939821269,-0.004569532582698665,-2.0517366648982773,-0.4370131682965426,-0.7033314446807847,-0.15736121198038444,2.8635641323944303,0.2711904838328751
212,"Non-estrus, Night",-1.4647478297370073,0.10368663958603141,-1.613898909109521,0.0029773044080153477,-1.0608953785360336,0.09728437394735745,-1.5097906191007449,-0.13714444520886407,-1.1208713230430511,-0.04258599208706545,-1.6174729036979523,-0.09177906955684219,-1.2168056736459627,0.280686452562088,-1.269454517713947,0.3374679025035488,-0.12891637719997595,-0.11344095071046179,-1.5041885626410525,0.04369463688555862,-0.7975277404860208,-0.9559315481353986,-1.749494949149769,-0.02947985830359127,0.1725155158281665,0.35279048277831404,-1.5434223849877866,0.015183515031463628,-1.9070747667568761,0.17543840514890532,-1.4967755727316263,0.7879684721431173,-0.8028554125501636,-0.08816026242585287,-1.2189218211535309,0.3969254553754871,-0.8764477054996522,-0.6367801611314385,-1.5816587131862903,-0.060526288077367894,0.07061947523485042,0.08756982948978877,-1.4242379511042262,0.07856899385413033,-1.6613140396507124,-0.045460090277261396,-0.993623744706196,-0.3561216186157984,-1.409713975164989,0.14761241521653598,2.596158984142263,0.5021285220873641
213,"Non-estrus, Night",-1.0014326098031503,-0.17286360219961502,-1.1172526551797737,0.027512023653414843,-1.668808381657514,0.08600135399699282,-0.6040355430121257,-0.08586367282101444,-1.5148731923269672,0.012959338935833448,-1.542729396063784,-0.15535276347750435,-0.9322015137883827,0.020188928647838028,-0.4741971245836709,-0.10752360048420707,-1.2705688201598275,0.305452860938901,-0.12697658268696732,-0.2267508484723843,-1.2383825636739387,-0.43168804683102585,-1.3292430868574023,0.17417055506042378,-1.1930773123782255,-0.3433733107372832,-0.13584737236933572,-0.12647068135502462,-0.1541989933625612,0.10045249301892542,-1.3207664118060536,-0.5030995295477217,-0.5517470521605526,-0.05075136059915156,-1.1971455390514554,-0.31382555829745123,-0.5990394990436644,0.10956543537349162,-1.1787651566159671,-0.3670754368877879,-0.7630054024609398,0.5854942912882889,-0.5154418893208472,0.0062694827906397965,-0.9261632292094186,-0.14419290068191729,-2.176910499770749,-0.46421684038932476,-1.169194343060474,-0.13519304028771398,1.517319442662559,0.33433315512794926
214,"Non-estrus, Night",-1.5267027875415968,0.19824168329902897,-0.842878093787172,-0.21743610310676625,-0.07460313746453545,0.09469854602589874,-1.2613406238624596,0.07000595868388408,-0.3301501879820313,-0.0001004262698475169,-1.1192148165378828,-0.04859513407716864,-1.2784175680869159,0.3490115873923265,-0.874025786993629,0.26192897168316437,0.6291452288080742,-0.17902524927971306,-1.274134739831906,0.08959850768924325,-0.5467221934546197,0.4357110167708044,-1.3984981281054383,-0.22069682826519033,0.3985411704134179,-0.019671477465964943,-1.4274663927323314,-0.254511219676672,-2.0450098915370654,0.33573184425242314,-1.1242960129479136,0.13776566434813042,-0.27325875652891196,0.29953319581449445,-0.32910536250680816,-0.03283724992696758,-1.4066141030847445,0.16036516938267711,-1.2712974178360037,0.0777875608895715,-0.34979140485413623,0.8246535715385671,-0.9142300894004391,0.10543915654269162,-1.6366962831784155,-0.08126868314162748,-1.5688501461767603,-0.52086543932589,-0.30521338910143564,0.22006724711210654,-0.15101942412604505,0.3548989035029824
215,"Non-estrus, Night",-0.9716104940755844,0.24518462118845943,0.9487762118339517,-0.19987203115504748,-1.2537301706243411,0.1108959428179137,-0.5358948325831832,0.1375065361135679,-1.1242090651215533,-0.23434580868768465,-1.2430307404250096,0.03348095961732233,-0.49789865309291964,0.21204830789827206,-0.6446944441519838,-0.0348749255911594,-0.6465233881415087,0.3406085562806463,0.41504301193570214,0.007890630772746963,0.75803205717341,0.07973461493410336,-0.9409331495039982,-0.208052530823162,0.33247453492104356,0.028090619819030934,-0.8617142844546405,0.1561854416775137,-0.7779380845478695,-0.03802367681832922,-1.6169807569314312,0.00835033278639328,0.08908808910691249,0.3730056745391921,0.5191022725268288,0.26134820928129143,-0.06787958090575934,0.18964675841519377,-0.2177104994059851,-0.04057224369167985,0.5648824910457504,0.03229966523688362,-0.1770942860041864,0.26162410713536,-0.552542008232479,-0.28694230130918896,-0.8490115009128224,0.011713780878134142,-0.12969245083463896,0.6815914309325305,-0.5085779188464213,0.49770663934814746
216,"Estrus, Day",1.9529582855923338,-0.14541299492524346,0.8162379732633332,-0.002054460583774278,1.4274464307732264,-0.003211183167532999,0.05456168240346003,0.10134856171964662,-0.39443830449822687,-0.2958265893051802,0.0309407600946253,-0.025038443391255143,0.2726928933222306,0.13963376196861574,-0.7462123456979801,0.08223424351297502,1.0614914453773374,0.010893101623667696,0.34365010117482736,0.07080257222638203,0.4393943897851994,1.295881536419824,0.11780375562174307,-0.35376171547614904,0.7637804041243506,0.19917046253126894,-0.2622597609295057,0.3262556506452488,-0.6610416111326547,-0.15492015023354394,-0.004037186104129554,0.11867951586904954,0.9156407557000701,0.517916194649077,0.8971561620812073,-0.1532003289758772,-0.3983052902397772,-0.04399580407827472,-0.7606027311503681,-0.22115279422877915,-0.950099299359555,-0.01705530021927213,0.2898137857324057,0.39063219305762237,0.3560901459386412,-0.02442909914377785,0.15012437359301087,0.3126572294983294,0.5533161601728582,0.41531267371947767,0.2461705803981056,0.1913685297046905
217,"Estrus, Day",1.9532939855251297,0.0541172523935726,1.2269430962501513,-0.10530407689387236,1.4269667150944791,0.39681504141391555,2.363754865642092,-0.1287667437942202,1.7239737139413023,-0.13342957920868043,2.367373686282998,-0.23744310921326686,2.1562048528764337,-0.08753870517508106,1.6413091595576874,0.03420931685316624,2.46218142584699,-0.2873570328369695,1.7324468361642404,-0.11467509451510952,1.654260775492042,-0.05796597948103938,1.7415116303180571,-0.3172808517795053,1.0916388505994445,-0.5696609498488509,2.1376001300172343,-0.10464030993457234,1.4070116134574926,0.22526204358078072,1.9642456764174612,0.36107370751720325,2.0166993948755625,0.7526194371903147,1.610459297909625,-0.29585986690611626,2.0795067356130787,0.10381957060393025,1.6324092344759267,-0.8248025270794879,1.5072530754583335,0.1908089872081262,2.2833037269924454,0.565686684343177,1.884658461188979,0.2506734771469894,1.8273139381602985,0.7211951925007724,2.9250088634790736,0.24340204422960346,0.8529742996173948,-0.09803626916444352
218,"Estrus, Day",1.0189944847836425,0.6036138699357048,1.216978381873089,-0.21913332890149115,1.7278998148933165,0.3064355403201486,2.7528983917018954,-0.2807902767449044,1.8432542054207122,-0.22468500701042615,1.8757958899769531,0.05484169504622521,2.493669953725233,-0.19217642343192254,1.9489663694240345,-0.07291193442045463,2.4631437150692457,-0.3169368369269506,1.3688469991703156,0.864773590636065,0.9972245589039506,0.3526103662296252,2.213717445970362,-0.5673165887834406,0.7716135295640192,-0.7255536222052649,1.8272750642933855,-0.025338868004483914,1.736201986594912,0.18266460858784458,1.8047721659005012,0.631636517238673,0.9537300214363028,0.7789961997553023,1.4253613922150528,-0.2534228606860891,2.66156964755018,0.3307228990457503,1.877950215014241,-0.37381665468341174,0.045583403551946955,-0.15242074295674723,2.88540799299149,0.5779479926487863,1.9126025724480737,0.09184523591094364,2.360710020330829,0.8589902376242011,2.937724247924261,-0.0031110449546668823,-0.7093930970012405,-0.2806876176198519
219,"Estrus, Day",1.3740072400578773,0.3366518139842034,1.4992910395227768,0.16284731940378153,1.505055219029682,0.9166987578010869,2.584719708767511,-0.08572169768474983,1.8256770579532025,-0.2265098267043756,1.7318649883305117,-0.0008143378200288182,2.1693617953992423,0.022278710342151568,1.5690705813013106,0.09273833225668103,1.9454679596186426,-0.09774841678273599,1.3172343665680804,0.7591620999269644,2.1463020476500305,0.7591918754345953,2.20546272505476,-0.09798286902909767,0.9700755426901043,-0.6344711218691821,1.4522274201593788,-0.08629983760113326,0.5273090430537534,-0.4611336756631725,-0.7209504154471148,-0.3530627562762195,-0.19518687989462638,0.9004507833200889,1.421969950438547,-0.25003141890958325,1.2319207687696414,-0.2048340517790814,1.66229121984625,-0.5206566712980644,1.4458558291076438,-0.004665744597409899,2.301094000922124,0.5449445037501689,1.2117853496432154,0.20733305959955142,1.754872872211691,0.9873092460313466,1.8572476456462885,0.026348352532926788,1.096442989463421,-0.0659756834724628
220,"Estrus, Day",1.5910972486519925,0.2386892221208375,1.018431211857825,0.11842837713591547,1.6816224668188877,0.6865666745013309,2.728398161845621,-0.0032805697051947426,1.7693923393379571,-0.14435581854051777,2.342448406396989,-0.3618406021290951,2.3386481377016066,-0.223599601856122,1.6372488663316274,0.04955983831099664,2.4863633357100943,-0.25264010396068776,1.6746290996904432,0.481031810714688,1.4010410765582726,-0.315579145749371,0.3898973065649818,-0.5269439300348395,0.7357479661632629,-1.1506296118448562,-0.8785382447696728,0.41899138991683743,-0.27340338437727274,-0.06693605411084656,1.0687962814070349,0.6982993740249679,1.7289301767801142,0.43839799635759724,1.629868788314788,-0.03658294903542474,-0.9829494328531572,-0.07962602443533345,0.6296026520357426,0.2865503933909868,-0.2699106835443074,-0.202527513659566,1.8597261405498233,0.7630744227084677,1.4398060861501878,0.15739258915787377,1.0621211486019522,1.0336741935190148,1.6611029225166971,-0.13693642323518396,-0.0679864029542246,-0.7802777727870113
221,"Estrus, Day",1.6181851392342463,0.34504841217303833,1.272955128339678,0.07394832165101496,1.6980502622006874,0.5171927450201533,2.6838751745508267,-0.06631716691350575,1.6912256941121184,-0.09529212405686878,2.616585906964613,-0.5510287299807219,1.9447694863102853,-0.029592425691196817,1.7369368263966836,-0.03668737385910568,2.6236579126496573,-0.28145433384351004,1.8429096146930632,0.46377778760654187,0.5120736118875988,0.056378514599472816,2.5347704109617593,-0.12446969431263359,1.4857342221875087,-0.3280896309625004,0.22577109619581695,0.20996784283793493,0.8183764089912919,-0.17291744322356345,0.9235630341809385,0.32835599619015005,1.6035023108695576,0.6128251019483566,0.5178594581501217,-0.5911625762981907,1.7331739541292488,0.33472912920491144,1.598789059044956,-0.45562926921297603,2.6579694137403744,0.07301700553313088,2.380958750473455,0.6351833756729924,1.8686471672961988,0.003943394877859673,1.9226909048708836,0.7186019964316677,1.1399659727444815,0.4007471530847525,1.814265121640128,-0.34349122826980555
222,"Estrus, Day",1.7719966592922303,0.2061659034189107,1.6394197429818853,-0.156545870896542,1.9071626356391667,0.429022358677869,2.8059706623547163,-0.2975000742276461,2.2079230421592317,0.120293420011156,2.4338293407568874,-0.40266343231199225,2.534387767903797,-0.22435011347866102,1.999676994072587,-0.22039594391267492,2.7002452051816794,-0.3394069655314378,2.1071138041833017,0.2530689429774304,1.5632735145571715,0.39437221995835436,1.90860402229052,-0.4782863922821503,1.5297771631339756,-0.05929137345559017,1.7997834400817863,0.2082457731166565,0.7971102895168517,-0.20957968358683773,0.7901801784134446,-0.40198044935741883,1.5993473011851433,0.3856793528939496,0.06870533757970705,-0.4107417779937788,1.3405749322752507,-0.08264176951899323,1.2370821357104318,-0.15950772108176126,2.5786440619667124,-0.035214960077117385,1.1562179710921154,0.9769350743870322,1.8204015501563384,0.20399514046683284,1.4575036895852806,0.7482261096156375,0.60964807479665,0.5872629216521825,2.2653225342522356,-0.20297107869736944
223,"Estrus, Day",1.923340162704518,0.007902650194510457,2.009780500104562,-0.3696274084321227,1.4600943530810295,0.48361873324977056,2.25438640218914,-0.12695786484436078,2.078711434311597,-0.10767316580146181,2.1872978690040026,-0.3674765937176189,2.3894714214987633,-0.149007349289845,2.133557779333328,-0.26529897810881714,1.5437923263347446,0.14386879032236202,2.4632076422399662,-0.15097499077792462,1.5464328153237663,-1.5512006391481112,2.396315157121649,-0.07579549965234411,1.9749196590603109,0.6080267510362447,2.0906809648771087,-0.06409229988707921,0.9603006462995257,-0.2508155986059017,1.6362064971821284,0.7599323149954108,-0.8161978004500919,0.5539549775193491,-1.587973221036936,-0.08003545557852364,1.7388359978821237,0.14740096943642275,1.1282528737055473,-0.26904216954061133,2.547459952247497,-0.032572181264149395,0.288415999162257,1.0724444655243421,1.4997917315376437,0.4129398742167119,-0.4021426635963559,0.746292463319766,0.6981213983728419,0.1779688944563167,2.3989122088120767,0.2293547685585981
224,"Estrus, Day",1.5206740420927187,0.14794004133850083,1.8140685794354197,-0.2777535961785324,-0.3836760910873491,0.46070519273856925,0.8561983943867534,0.3276392425444221,2.405169666696561,0.15547282610904195,2.2640288825700505,-0.4924141717315144,2.2416469083820934,-0.22394035818121205,2.2756985579432025,-0.4224933943610369,1.2206667469483417,0.07366992117792315,1.940451952983298,0.31763297136323304,2.138296415961605,-0.7396636717821338,2.5936371647378964,-0.13768506206513315,1.809109799471965,0.4651116224031276,1.8594705242703737,0.028060755654350948,0.9049522589484479,-0.38856174404720684,1.714294908850823,0.8498664683735372,-1.3444436933244253,0.04682563193384034,-0.025034768922322457,-0.188717451809213,2.281017747925909,0.18233533380688044,1.2925631462062146,0.030575115113934435,2.0920237094608147,-0.007974124062248445,2.634194311113883,-0.4276125873844955,1.8102599050796204,-0.08850235514665644,0.8066817617504255,0.4520809736161153,1.0942400616572232,-0.31191398593181524,-0.16208318215251594,0.2187435878351261
225,"Estrus, Day",0.6305553485650502,0.3025764228762849,1.9041911503740765,-0.37159675080635457,-0.21808001264726057,0.1411523229253282,0.033291672085787725,0.26379052669763997,2.387280449246977,-0.050838465862685256,1.218222121919097,-0.037431768032734646,0.5627733885991257,0.17300939453900965,2.3096737064780903,-0.3384587763782224,0.1948893189420285,0.8498759985936042,1.9665431072848238,0.010038874286439875,1.2817555791273902,-0.8288122141793829,2.7731236566266917,0.02369212835590015,1.1933892111607742,0.06576236466878731,1.8883012433396793,-0.1816553666971211,-0.7146383552453065,-0.08506281388574423,0.3448450488426834,0.05116598163675781,1.6816929518184829,0.08877181421999078,-1.5727249110954953,-0.17269665670770168,1.786252274325734,-0.1730163211300994,0.6589060942162285,-0.08491551012150059,1.676459805621904,0.2757560132097105,1.855237296371419,-0.06229149384053341,0.47850362483339304,0.21004779124805814,0.6387178855149636,0.5929091294330938,0.4893845917924966,0.33921075446449356,-1.5224300611220971,-0.09164342457036383
226,"Estrus, Day",0.09247336230694357,0.5612726261622588,1.4150102160323923,-0.027518580341797428,-0.25266064326427573,0.3047601988288221,-0.2567705097805536,0.39954137284218216,1.6708579401054822,-0.1762457541156323,0.5742261603127625,0.05894937914481241,-0.05317352133966507,0.3049927018685433,2.1675691207801306,-0.3334498192088041,0.423590861758029,0.7349789916469364,0.676655200692871,0.2805795083723495,1.5999434989017092,0.5584527570052125,2.186293302487811,-0.28120125783360866,1.0069767192857741,-0.41344471463361043,-0.645734250044623,0.2701204383686431,-1.5229014654042925,0.20692649280729264,0.7772813445923418,0.4538084421779012,-1.1008027507013238,0.12913615327031833,-1.012116873844684,-0.05760074373411924,2.2561656256764575,0.4691479879904491,-1.1335224071061778,0.26717680553440143,-1.3475669780510724,-0.16051379775091845,-0.21091499507899486,0.9777042437713008,0.5838258568705554,-0.11519870379870252,1.1331513246215132,-0.6947222911364873,0.8694433604981159,-0.22837644844861396,-0.3418589244375635,0.07706850865916574
227,"Estrus, Day",0.05116201993093546,0.3585403347752629,-1.069110086156939,0.5016041106359056,-0.5762470277489845,0.5138054256179815,-0.22468670552025719,0.5868546756081182,0.36819037735951804,-0.3265699543500876,0.07889117420722616,0.1633408852770133,0.08233745886861166,0.2994744673800386,-0.356986356681548,0.3274115551384331,-0.006017614463181512,1.0002031382791219,0.002862245357363777,0.7116862650696145,0.5324915607507616,0.6962753576359878,1.6420037446979399,0.10483016174098476,0.6923019982719193,-0.6246094548498997,0.6117256552647548,0.05919200871012309,-0.7762232218902971,0.1655514374928421,-0.9495525403004335,-0.5604861308006016,-1.5629025242627608,-0.26792465464153753,-1.4082645745604405,0.048801564250391456,-0.8746459627382609,-0.3164005600198351,0.35516441490890927,-0.31983821087548103,0.18031629968276353,0.5871984235632878,0.03122177726745521,0.2787599152752097,0.07672963186580885,0.222575301012803,-0.22286165682801992,-0.7361989112382833,0.6410177925719707,0.2194451307398874,-1.6046210752783123,0.10129955328250081
228,"Estrus, Night",-0.4635818139354842,0.9381796667584356,0.2561171924850335,0.2898460596943902,-0.6002496766876707,0.32051676069302726,-0.09532141975765829,0.18217352155773633,0.5462627960360914,-0.23301483276622656,-0.02238839245963446,0.15644962440237487,-0.0928473307540256,0.3477179841871339,-0.526522879093984,0.5144210498142947,-1.1167244059688866,0.4278007414015972,0.04227723439560635,0.8604835564268909,-0.9436584241717779,-0.17357613511688808,-0.32535509828462006,-0.374725286143436,0.5814942867572912,-0.3091237251982218,-1.7470107240689643,-0.1141902511632501,-1.2235487471324231,0.008186188990401393,-2.090328713354036,0.23174736599885068,-1.1851366976490818,-0.06500383957933022,0.09707425261286527,0.4389726727311129,-0.3040757308136664,-0.28476267255565413,-1.795902492636848,-0.2525051038783163,0.5596669155892721,0.11226634544781927,-1.6205488404403423,-0.11329584303706038,-0.7394244233575514,0.3380856864710836,-1.5932471775067736,0.06364069294951102,-1.6321592222734602,-0.11377795469072703,-1.94679551373044,0.053140851389118976
229,"Estrus, Night",0.08112758727524932,0.18202671769311898,-0.2403886462624998,0.4721316941485748,-0.3351569279509284,-0.023407255398878248,-1.0804796794965423,-0.11513292370202834,-0.4479023653780713,-0.6401028552352576,-0.9656210389679908,0.5115033961538661,-0.7704409858473267,0.541653183961584,-1.148779046129514,0.3856082244797609,-0.23634060930956,-0.1740614279985874,-0.7186120536324179,0.6105065412561259,-1.2266501923032547,0.33425621697293545,0.4599486769270469,-0.5300399342289025,-0.27550739739931085,-0.9597503697584254,-0.2773482881826703,-0.20435910612281846,-2.075275727213513,0.4320563358841594,-1.1803507176946855,0.3132413657397501,-1.4798730979679806,-0.19756515672005218,-1.3270975766558264,-0.12747269997058597,-1.5021182174277816,0.3281342580523672,-1.1115109806312482,0.13738166167108362,-2.015150829081757,0.38475006368156245,-1.3697757870992835,0.1152469480793717,-1.661565998237222,-0.14349286869946212,-1.5315903932292787,-0.050800790047879546,-1.2048446163741862,0.403597247680753,-1.6187630070469754,0.1424541591235176
230,"Estrus, Night",-1.4017451478009135,0.3496230895296946,-1.2369849278625165,0.24770005594340255,-1.022077255301322,0.41893401169571226,-1.5264698008252047,-0.03704547209421847,-0.7575084800151213,-0.49864712266419076,-0.35930335380674483,0.26996831147901496,-0.21606645797642549,0.401973823774167,-1.0498532668408798,0.45388534900435795,-1.3352752928004932,0.18347996333779057,-1.4652386936993618,0.2307952190948014,-0.9724944016494337,-0.11014929856872553,-0.07569965444680507,-0.8526376600994394,0.5791474464522677,-0.29180044454170706,-1.6688905446187676,0.11766011498033677,-0.43191296531000045,0.26637489334972214,-1.0710845265613862,0.6177828141432495,-0.3176708261986154,0.1503830515922186,-0.11069753030660867,0.324928007998707,-1.5879630886553642,0.15904435873870182,-0.4541919274857073,-0.36004126355631066,-1.8832577189151998,0.3493538341980328,-0.5542619285596256,0.09490294697305587,-0.8746307372421323,-0.03443138117202835,-0.5330028836688215,-0.5676504819656636,-0.8443881833574339,0.7080700666742422,0.22802325146317895,0.2932551482639136
231,"Estrus, Night",-1.6266793430085014,0.07793915360906145,0.799829140913632,0.019427894978423784,-0.7090148586964465,0.3521351041362787,-1.5184206167306158,-0.18137753882626695,-1.1491239072409323,-0.27410419043983775,-1.4765656313257574,0.12092644484381432,-1.2111806120534387,0.4352637184411001,-0.2600679405955637,0.2506542608948743,-0.7831020116623704,0.009324087894272498,-1.1817631263884016,0.0158197884962404,-1.7905280460161366,-0.09635312759154196,0.5478927332010711,-1.010585910306211,0.03494537779831092,0.02109882312810407,-1.6660728505431233,-0.2704739588280711,-2.110165076589242,0.3449912434962784,-1.9589109039600372,0.0031264198009061167,-1.8214100364684929,-0.608364370327911,0.2382917838367647,-1.0912533060899035,-1.0764391004470741,0.11925006405161902,-1.8322680928752229,-0.348581288449735,0.4224047548294206,0.0755622987791156,-1.6903608675690658,-0.05713638422623088,-1.7734804340671508,-0.04666173409364574,-1.5946988945125946,0.10559347844102084,-1.683436562530897,-0.6263115930963543,1.002565207160768,0.2980288395537265
232,"Estrus, Night",-1.6667943929956124,-0.10649031336179925,0.8488832862090917,0.15031470628583762,0.04396830416078366,-0.1562689984651483,-1.7561997899951782,-0.3365575293997552,-1.33102213496887,-0.06310301196971019,-1.5532842669761042,-0.1680193473906616,-1.2202420210414546,0.026883634131860023,-0.6444452379585771,0.28207704649729676,-1.8076013714057266,-0.19340207366670206,-0.9612831915706826,-0.00046450069306296153,-1.3967477995293447,-0.014509061858707617,-0.6536537103275317,-1.134451374330556,-1.541854140861591,-0.20426664717479778,-0.4500826367278866,-0.0033700697754832096,-0.37704703576523196,0.20947638977556013,-1.0253026720736742,0.7927909418245006,-1.2449290719560389,-0.06060191012825888,-0.3492092277554463,-0.06249881472758923,-1.394169956101889,0.12182533722630809,-1.816018322248796,-0.28678954672183415,-1.6183983441678849,0.49766420209353607,-1.3393804507940688,-0.28266076780989274,-1.818063852400296,-0.15826346714563524,-0.5542594687087837,-0.6521536277874509,-1.8290271229881048,-0.35202504837908777,1.254091195283918,0.2734093136383468
233,"Estrus, Night",-1.415952935993271,-0.12395171610389297,-1.4599040581360456,0.1601195656127197,-1.1159132066770703,0.29413110617613475,-1.7156903962822048,-0.4143460972870998,-1.5251094977337714,0.01241677369738194,-1.6386659659817286,-0.13936854435108242,-1.3473622090842488,-0.04952942053681027,-1.142032950145296,0.4035921605441257,-1.7818866246824676,-0.3013089851844807,-1.7141274937740876,-0.0914766445610484,-1.9369215031538622,-0.24274658472926752,-1.2887475358237543,-0.4947924102319699,-1.8097933593719853,0.06533662026353983,-1.5143286508985754,0.03234990704963571,1.4888503674244862,0.2785894625684547,-1.9820875046068394,0.2915287222984753,1.7485493175202202,-0.5782491517882683,-0.6167138973979573,0.09331011191547219,1.4667889460470551,0.8339679434507649,-0.6678466396362467,-0.4097448797415429,-2.0149916094888813,0.40090017603511446,1.367207604469005,-0.7609282805950416,0.581282991170456,-0.6033496859861667,1.5495191294830288,-0.3690325107082385,0.9188038910469534,-0.05895380575537536,-2.095883587167238,0.12254153631247354
234,"Estrus, Night",-1.7382792400521758,-0.06821489961382088,-1.5932738982093286,-0.018363154441512257,-1.5252966641509944,0.06848490995559897,-1.3461103425692593,-0.3351916239107041,-1.5765898581444637,0.06605290823712569,-1.6550089775741086,-0.18210796845392596,-1.1322324992828696,-0.3684092090816715,-1.4717907866118942,0.12287217169998672,-1.5348584861656336,-0.44751029806270043,-2.066596203290384,-0.4093307014447391,-1.1269128969548485,0.41056168653700686,-1.3268583317543061,0.1474383940780541,-1.9166344170248715,0.5282841484963336,-2.0175851650539744,-0.24693762821625548,1.761272337987831,0.27954869895853596,-1.37388805210984,-0.48191606276523186,2.603097845023484,-0.6065061530074549,-1.8757439363235389,0.2685596742127299,2.5576327582891762,0.44570027049554833,-1.80623647591768,-0.2253934664757139,-0.5826052004147395,0.2990834315903127,2.0793443459200645,-0.3140726683578632,-0.8932344924595437,0.31941090770381053,2.3788201452535245,-0.3828703385184825,2.1731144690355264,0.5004297372922564,0.5508227689634414,0.6133572736856667
235,"Estrus, Night",-1.3857898404978324,0.048493198952988675,-1.4441275310912758,0.18324004986369066,-1.4765070691625113,-0.15110576430244063,-1.6685536208780938,-0.01535505060446026,-0.7752908997476412,0.4374950760440836,-1.573288929880245,-0.3358439203533997,-0.4967910693370036,-0.17507059824144658,-1.2573649784029681,0.026724944966670883,-1.552926207173051,0.015459950597618075,-0.8190667447677275,-0.5823865869642179,-1.4427334935381517,-0.5584210537846297,-1.5736539236461555,-0.13380037903683895,-2.2039325583372373,0.5676389995451184,-0.679385290470013,-0.045811031071333795,0.6368415145419798,0.23829831654721426,-1.6941055668145624,0.2618294051566836,2.2711642995247305,-0.8531288474593559,-1.0139263225604909,-0.12878059242389342,0.8564700486549963,0.19570867331009592,-1.7721286958714315,-0.3339838625474181,-1.7309188836634304,0.31933498854446635,-1.0782311678223264,0.11483412347289486,-0.3616826508195087,-0.2026530509081517,1.3819425973027375,-0.4223685742424264,-0.3157476186627788,0.3494920526089214,-1.6857579183776048,-0.11740428582133161
236,"Estrus, Night",-1.5071587281380783,-0.05254971446419375,-1.5853020763275196,-0.03242320417830593,-0.8275080790520148,-0.21021779228084678,-1.601193091858162,-0.20860918421326335,-1.5610897558644505,0.1863665760873296,-1.7927745390880931,-0.2354050099344265,-1.4940962684407955,-0.00135793598656925,-1.0772851506863816,0.19556693260311042,-1.1669838196927678,-0.42705194301653254,-1.7802890546663546,-0.06902469471384506,-1.0947262613309603,0.5643009184171321,-1.6236782312354738,0.2373053435853975,-0.7780785351941079,0.9106689868059237,-1.7464691716155842,-0.0036520996102891255,-1.6059518872596297,0.12330584425236261,-1.4860022447612962,-0.4156262060356358,-0.24672246994531244,0.304952935109269,-1.3948032107788044,0.21117805330947295,-1.1337824214290733,-0.20079036978334758,-1.7189704206445064,-0.3223193832129472,-0.08971856217538529,0.3706715490196966,-0.9372412397486495,0.23803984176687012,-1.2719266808429226,0.2988821717522888,-1.594618872457604,-0.07414515270721664,-1.0429704836210119,-0.7314636612864633,-0.8211091405680044,0.38073634331930795
237,"Estrus, Night",-1.1396082109991952,-0.15046400703346013,-0.4261766380777766,-0.07875588448926467,-1.4225290868210347,0.18570373255267922,-0.7898463553183801,-0.38987676380587544,-1.6554653217483435,0.38098563897209714,-1.5237214841902589,-0.35807471669187496,-1.5333425459735708,-0.0469426051911098,-1.079796763065569,-0.05622040519024474,-0.5050915031789758,0.04777005195980665,-0.6077501322706073,-0.4596834852065682,-0.9701232655016235,-0.4460751471822494,-0.9681502203678144,-0.08648926217716121,-2.115617623741858,0.3212394167951073,-0.9362916190391298,-0.19139550031075453,-1.5178020231300393,0.4030518794429958,-1.1846771593008585,0.287018250064683,-0.4711293001820523,-0.2792798609290504,-1.4672762831051727,0.09122479611203692,-0.933058334453668,0.13445076949725715,-0.3290524434172835,-0.2591908307420064,-1.4395167561575206,0.34596483399388367,-0.28630763880113563,-0.6626988605645777,-0.7761560599842446,-0.2569783749508296,-0.8454105725446094,-0.17070458717078532,-1.0778515695272333,-0.12174051235205698,-1.094689961919066,-0.23575044601368217
238,"Estrus, Night",-1.4722887034077858,0.025004856134531208,-1.4395623185773518,0.07449849405337096,-0.708279594329279,0.024620654578852774,-1.4082839263604134,0.054082049420047885,-1.3283765256295217,0.3039666418231992,-1.2640967527602422,-0.3507996888618922,-1.2706896977999709,0.055665853270412104,-1.1258598885932936,0.14494895104526273,-1.5121737124123755,-0.14708336325128554,-0.8169628143584303,0.17847052915179493,-0.9948294746457443,0.646623835764097,-1.6319170161630536,0.07815571309297258,-0.9464200711246423,0.7045995139491721,-1.3347080475635273,0.2848598230410327,-1.7628445754320057,0.21617245049884326,-1.0343335497311097,0.07696414217251038,1.344563550102015,-0.05830866189705163,-0.991842715007472,0.18311713057589737,-1.170060059981914,-0.13942072625597465,-1.7722827794792275,-0.23799378494099058,0.6548294015393624,0.20466117688163968,-1.2393633880489925,-0.1930178274363092,-0.5320131336879427,-0.3532076376300413,-0.6208001784785657,-0.44958642207378097,-0.6511651068546384,-0.21351099693837772,1.2274108408546787,0.47432141583426674
239,"Estrus, Night",0.6584543474557764,-0.5902912105377558,-0.11652235277485527,-0.2947191078015839,-1.0137024137842527,0.4479534893086678,-0.4092540743786105,-0.30417380056458315,-0.953328696927029,-0.05922442916951248,-1.3172391832246015,-0.24239607476221314,-1.1755712211995577,-0.06630558488714192,-0.7445495675079964,0.14723757488196873,1.2932040156997107,-0.2813821164420282,1.044715222841795,0.05049833302984806,-0.7100071987558226,-0.376342664934169,-0.8972076278300884,-0.22895235948525278,-0.467164675592153,-0.039239661126332974,-0.7274397792319476,0.5144289257897147,-1.7262902024421962,0.13896659692116398,-1.8296656648957623,0.2210352407507243,-1.1294749448742674,0.14776502502434308,0.32814173377190775,0.07962097188953392,-0.2571867178499059,-0.07772059517714784,-1.0029305347423714,-0.22362621668635163,-1.254722359776681,0.20602110046571856,-0.742029401629689,0.06422932695702308,-1.222092519011311,0.027907351651071177,-1.6449517950750447,0.150830483372699,-0.4191264895980285,-0.08857146737844543,-0.9312477620548498,-0.5207496792034895
240,"Non-estrus, Day",2.609463914434917,-0.8333000148759314,1.0802441155186153,0.2368946649588277,1.480720875271569,-0.05109545553903364,0.9170076894507398,0.07798954059712869,0.11326034274803778,-0.15679299783612458,-0.12350324170064936,-0.23861040920996876,0.05978371514693213,0.004369881772444106,-0.3661805877781666,-0.10882059900376805,1.4578401156842855,-0.18546572640998737,1.1799583205671458,0.0486674063300805,0.2639962536644318,-0.7672430644514183,0.9052880929459635,0.32861765646643,0.7276745251813211,0.3084944943038118,0.00982897458625608,0.08546867710633865,-1.0347588192639552,0.36006095294060475,-0.45803901099787137,0.2088638858680217,0.2989070547185303,-0.2525459705951101,1.7619328745143286,0.1962994517929394,-0.0476608255366132,0.11221823170411382,-0.7957731189147571,-0.07921551659854603,-0.03897677893215401,-0.16163921916460197,0.22143032833164333,-0.3402130786370232,0.29477852231596496,-0.4547844396166838,0.11208358384348163,-0.11478395408439733,-0.07880730171961879,0.22010480822594594,0.206400517386969,0.2540993656773278
241,"Non-estrus, Day",1.7631779958636902,0.006283082293575791,1.2810778932339668,-0.05221841665379961,-0.6099829059729323,0.5007141834899204,1.959238563676954,-0.21988011814736408,1.0630968811680734,0.06934525114119697,2.021954883783643,-0.32059242235384927,2.1941244724646207,-0.24294003157574026,1.7429402739248698,-0.17575422554736156,1.9728505288774536,-0.2336113330982873,0.9232265562436168,0.4149993893934533,1.3757058680533603,-0.6645664479004086,1.564422407585842,0.0013276676259863648,1.1971376264583171,-0.049477328800969875,1.020827546001625,0.2946848093018717,0.2660986642826376,0.07853934513485294,1.6217581874174882,0.32585757922184294,2.220667800124694,-0.2262065098338837,2.1549845664422924,-0.08616239558111341,2.4437949121952536,0.23133469152258837,1.555920661168131,-0.7282316102016808,1.9316590945028236,0.5401808171448548,2.257195077534151,-0.4059491184025841,1.4598991697099988,0.06212627852950995,1.2593053138291357,-0.20893099552240874,2.4464358733548197,-0.34957224411610127,1.30472932242724,-0.16080878533239687
242,"Non-estrus, Day",1.0834347322953073,0.5196745056190077,1.2569832225733775,-0.09205013847053384,1.8362817313404303,-0.04349346456141512,2.0167825737220078,-0.012803104954675678,1.5342448089423615,-0.28862453485791,1.865612189446292,-0.23303226509451497,1.8308442365211166,-0.25285493181831964,1.9080506705718483,-0.08011411303220031,1.9567874091741038,-0.18759965132406037,1.5601521753190628,0.1962507953908882,1.3084212098720436,-1.1272631661923753,2.1115512896083035,-0.33428312582028685,1.5483513165501683,0.3597793411773556,1.8179297563419485,-0.07444198285938411,1.976720399756889,-0.06293523964761565,1.9073502644948868,0.6290387879283464,2.058081533020782,0.3502863781710817,1.9526617166696396,-0.15036107118338554,2.4326320554090715,0.14614424920656696,1.6220551596443629,-0.26841207264826156,1.6884163259696545,0.039546178598588264,0.9032418485540847,0.07054985490392829,1.758223357346305,0.050628093203289606,2.2776652634040557,-0.39721621537328883,2.038221295647162,-0.128579681605779,0.1769133234604414,-0.399834094426691
243,"Non-estrus, Day",1.4771928666636749,0.14511081435558335,1.5015159954631714,-0.0426567999169371,1.5823680774178934,0.7524693738674278,2.122515053607834,-0.053755380537481565,0.8527690799360833,-0.37999383111643964,0.9157510610822218,0.20830839683809504,0.48106361619313387,0.10397640547654864,1.8630409852907055,0.039357315586989364,1.8058261411120113,-0.10185969621631452,1.2399462659958251,0.6472593467221041,0.9875078183554766,-0.5357998412314049,1.969672586968651,-0.3050111753722741,1.682786049901734,0.09887688930208476,-0.7658818826532462,0.6814021580363077,1.6119455179803734,0.2733836057173906,-0.016322236154800326,-0.11759774105037027,1.0102750670832408,-0.04784124111263796,1.4659806463143996,0.03662152043075675,1.8027346210394442,0.07246186409030797,1.1223443246019755,0.010138776243433015,1.6225100812560247,0.1584577521381057,0.18073317704677494,0.12297571383631924,0.952345310016189,0.10939617183597032,2.2177089657565316,-0.42492916830851024,1.2117407834430367,-0.24066059746956717,1.9969426693876073,0.31527602133653
244,"Non-estrus, Day",1.9299917273041878,-0.414323841312455,1.5805315865569527,0.23347423386337568,1.6952597635895643,0.475177437826846,2.0416128936384332,-0.17880537953142228,-1.0677801252285564,-0.33604600529075407,1.7229541433916145,-0.2764398001098485,1.4270792455662475,0.11032546951043204,1.9128865276413725,-0.02930527381662041,0.2539940534346438,0.3601774938819576,1.4990496121965282,0.35945118132763754,-0.3487256629401491,1.0203326727267996,-0.5820810779161032,-0.11799930651195276,1.2662530323189836,0.14765509380932257,0.6977821878733875,0.12271911740679342,1.9659007314205958,0.6663993480792797,0.5488441362415792,0.3790069141794524,0.41953933807775184,-0.33970051255792727,1.5413634457722147,-0.14050393601665592,-0.8857793452702443,-0.3825505528094112,1.4230877116331615,-0.43499411898730345,1.2847235882259849,0.2149082690922793,-0.3283951252824748,0.20813642164543034,1.3481727611774528,0.12179096993368109,2.4204898793064533,-0.7640844716538354,0.04322190076861954,0.06099890551040609,2.8738159682318933,0.21636773577602783
245,"Non-estrus, Day",1.4650257500422315,0.22034538689331218,1.4795296858648153,-0.002744041634456495,1.9976588030194566,0.43487551806502467,1.7194069974664348,-0.009688551075478134,0.411168882075184,-0.2445135595807917,0.6022466445707478,-0.012280647636546417,1.040999682531219,0.2043790756116379,1.8171282028869706,-0.019836550547828447,-1.0182478880553807,0.27907719156918337,-0.7432291266243389,0.6025045015278555,0.5682061074889954,-0.4234920046157897,0.9875794306545052,-0.08833959138778684,0.1529353347550211,-0.4929347786791575,1.900177524780001,-0.14062336019426003,1.858542369064253,0.4729367540853845,1.1740472686707413,0.6466840241065375,-0.4638910007730876,0.5084260262748893,0.7531531155787421,0.0936512729617247,1.1061409290460724,0.23309032982766967,0.901888597780217,0.3027892571649504,1.9376661904651433,0.34753182227269036,0.4428336067494194,0.23687439537478422,2.021258049064048,-0.26203552512281203,2.7892226655917565,-0.851719025911898,0.36072050886874607,0.09006019788198094,2.342409413905038,0.014380189038482396
246,"Non-estrus, Day",1.3118585226948207,0.40458933164875177,1.2555195263647272,0.1265603512325417,1.9999995821630554,0.4227650519415029,1.0714882128870613,0.02312385962676152,1.1007495457078507,-0.17957327804558487,1.2495228278045163,0.03738075636032197,0.7952777914501497,0.5132664558100463,1.7169883817969949,-0.017814189091014343,1.7418481853880967,-0.1696554136042587,1.019703177742019,0.38963243362508315,0.4125687071143397,1.0230216830134484,1.0522194558559455,0.26853484769569425,1.8778760970872033,0.21496399164204888,1.772234416967828,0.13828842263900445,1.8799184471915702,0.7107138647057389,0.49456089577043577,-0.1688488975169469,0.5407351460292885,-0.25820381350938154,-1.2515198612416816,-0.3656174868789794,-0.515556381407192,-0.4034928074269738,1.0310130162458224,0.15764980521945557,2.357616966344871,0.4562752236563051,0.9190973159568466,0.14288259906803702,2.0557855973139643,-0.04622892886290611,3.1590077200984825,-1.3227411912106113,1.3422207735691327,-0.25500778275147823,0.013518575961362104,0.42131926673419884
247,"Non-estrus, Day",1.6408087218162948,0.14815147314600338,1.2110591874915893,-0.04984668707791068,1.669290486645296,0.5648181230195414,-0.013868626412188691,0.05855248201502106,1.0900733330554464,-0.1408720017155169,1.0140582408015806,0.15879566649885662,0.858671789807945,0.37541651858928826,1.7351146965064523,-0.13352033351785178,0.7569072885336376,0.05658857745468804,1.44788552134182,0.5159750062685633,0.22555331085605118,-1.2421037624930353,1.414580056266422,0.023346138079220955,1.0906775070152692,0.13685713918336598,1.5570889938695978,0.11132995221716543,1.4025460615682712,0.3821706476745149,0.5543894944273322,-0.010664746484993227,1.7741028674481414,-0.22763462566200376,0.19774773530048062,0.5871263402897963,0.8901258072346945,0.11789098597522124,1.1259582816033156,0.41351003513549084,2.349584870741782,0.24005400499602256,0.268505274304593,-0.03674910834004273,2.1027733110813536,-0.05307559904999848,2.832589488284577,-1.0923416624158997,0.5400058731382626,0.27786480776373335,0.03162716181495216,0.030435778682128718
248,"Non-estrus, Day",1.0983772607772864,-0.07719479001321775,1.332913391063342,-0.25964195966609577,0.38029220165522304,0.5723029848511324,-0.13576451543498855,0.2100883701764674,-0.17417699828769934,-0.5214773308383354,1.2297103164480798,-0.036280436517460914,1.2588416255539725,-0.02780479006095658,1.8401521367264317,-0.2154396873584981,-1.3189491923075147,0.1644917684384946,1.2743699376684603,0.10984895690409371,1.4225832979547373,-0.11536925274735357,1.463766530443709,-0.31344406804698344,1.3566309908788665,0.3118766212247945,2.0669379587444228,-0.2746969984660413,-1.623897601589039,-0.02237065078440491,1.1331542848162957,0.24790605588003592,1.6464640044940089,-0.3958172594106814,-0.9941433519478987,-0.3796963381541588,1.7397288674154792,0.10134249094890907,1.7949298547826424,-0.03582679317693786,0.4249143247024177,0.06761628492397577,1.34375258872895,-0.7725271564819622,1.9829486906344973,0.07210116054088783,0.8469842207055853,-0.770364792800189,0.7945566422115291,0.16365394533593977,-0.5149551498617382,0.3095926170425181
249,"Non-estrus, Day",-0.7477438543812186,0.08895554291154181,-1.2947441407076339,0.2675769621352668,0.13959898003751503,0.20154855582934011,-1.3946166135279936,0.17455865021506398,0.2144329352347876,-0.1383201261605403,-0.6319910021474396,0.2654682142446324,-0.9081080486360609,0.0696359604872216,0.7780151284084785,-0.035284555907483285,0.10149618119415058,-0.10060463272893015,-0.8563421791140586,0.2830881193478059,1.055192337689849,-0.9938669129330454,1.2621059935361203,-0.1909126002470334,0.7211566670031083,-0.06272675416114824,0.5173842150332392,0.33857395337115914,-1.9308702534951714,0.20838047501947124,0.7099759161489518,0.1517419507662966,1.4304896064533243,-0.47749041669443815,-0.5323398238165488,-0.069582751299213,1.949177549826545,0.03542007699216823,0.3001516350729181,0.5491450007473272,1.055831222335164,0.10810021908581006,1.2665473669337395,-0.5248493248797006,1.666271975751838,-0.011659444171361328,2.8207459176908793,-1.30384594449732,1.4091596962052144,-0.36453894779742185,-1.6529193094170567,0.034793922613742416
250,"Non-estrus, Day",-0.9831902538112502,0.23970265371971253,-1.4063646944481567,0.16644777583217393,-0.7522101886699082,0.6867366147175378,-0.7015344133638752,-0.06231201681515484,1.0513489035961208,-0.32742596874202773,-1.037608241650988,-0.11903189525054518,-0.40749754702414737,-0.030316148800642453,-0.2841695811066669,0.045725557275952615,-1.2761685286519167,0.1719581367018185,0.4385848451689989,-0.14025621305168023,-0.4378233194871753,1.2490291533798146,2.350006537942238,0.23191497064625347,-0.19376390134566052,-0.9067059026486527,0.43819086003022717,0.3282941303341495,-0.11457071211036118,0.1472086080159493,0.6052204084799458,0.05237087114701564,1.6112111986474622,-0.6649075571678463,-1.307224558936572,-0.45810318088632856,2.385021023117861,0.3603661945286718,0.3479168878763498,0.47850112868692585,0.387569799938718,-0.4128604796113829,-0.9265272673507535,0.6029559922771556,0.5090853848321663,-0.05700120729643315,0.07388402681025844,-0.3427231934630959,-0.2885856779749157,0.0005901512709510975,-1.3326854126132006,0.3061375879944307
251,"Non-estrus, Day",0.30436248986743925,-0.19841981413967044,0.12051952133939049,-0.023055721143819166,-0.27920493349302067,0.33602088966855903,-1.6539476363260615,-0.09474123945951284,-0.9985158784725902,-0.14985101775416884,-0.34465665214543256,0.2656095961327934,-0.52646629210317,-0.003501885429059406,-0.7645809688258989,0.2038278104741589,-0.5114086319304504,-0.3422321240266479,-1.5218639256043711,0.12432488739884008,0.9911327257442507,0.712640810950157,1.339357725230813,-0.09164563931699422,-0.7186662589810757,0.18230904155960695,0.04119990970106677,0.2427393340821155,-1.9010000006075845,0.16326591691143313,0.3060966145315116,0.7167007362302752,1.7095790782476574,-0.5724523108085219,-0.7744130412637095,-0.7376639545307361,2.7167276715771598,0.24445078885035088,-0.6557218228176478,0.43023176732163215,-1.5799388759597646,0.13573631694794638,-1.3607052521929537,0.10949730816928344,0.7768997440034556,-0.31654407869965745,1.2877208130675422,-1.085163810912314,-0.22695193347122003,-0.4002494374610058,-2.3455880789421015,0.5694385488155186
252,"Non-estrus, Night",-1.5466657914824133,0.05429023659752646,-1.7705636669832183,-0.182014145546743,-0.3648171800107518,0.6736236831164988,-0.5618863439710708,-0.46383100643283787,-0.2886689975587316,0.40035207976232146,-1.526161334110531,-0.015249490975280566,-1.4752336670707087,-0.020525684647075007,-1.6088050207403466,-0.026401524334080616,-1.4550471449040328,-0.058460262014698214,-1.8143706403667896,-0.15987431073175323,-1.3022599399634935,0.4592814775910636,-1.1596510592098326,-0.543238104870798,-1.6469595323962822,0.2752497531471794,-0.9055354718849696,0.398620463952118,-0.4704879235735653,0.09864358762984675,2.6661676590851697,1.486570696763681,-0.6719790280304455,0.14069690151401357,-0.2392809435480049,-0.17021530204395224,0.6601688444536421,0.13306038617427696,-1.23630981600108,0.019667132917036617,0.3267852871377506,0.32928233447438293,-0.23941158525257572,-0.2719747512751207,-1.5435853453523478,0.21948916422315495,-0.6343675875008855,-0.3577428964597255,-0.7335948178844968,-0.5125729535365157,-1.6637321399092437,0.24820180864858157
253,"Non-estrus, Night",-0.7226577709817563,-0.46321604162399294,-1.146764211687996,0.11655291918815101,-0.8473040392696428,0.45538816588495307,-0.3422752219275734,-0.15022771098225576,-0.9802369833667453,-0.07219796411724111,-1.6791765101849077,-0.2643476085877454,-1.3035348188567617,-0.17208481169316656,-1.3900417206984708,0.16477798642016206,-1.9611298716471506,-0.29443635102771837,-1.6836562423455799,-0.10531214850227574,-1.7248132543417078,-0.02185140124798782,-0.6960848493646025,-0.14855825747163973,-1.865985410871684,0.39110459809008463,-1.2277255745151978,-0.06007144237999991,-2.2561845856092217,0.5336948071335217,3.2974752803877783,1.5158992621064842,-1.4131635555316295,-0.26853550260684084,-1.5287057108942455,-0.2720107791859071,-1.7498119516355772,0.20948471963199128,-0.7694186487278176,-0.19555922252955915,-1.8230090701568087,0.29182340743071267,-1.5760190406742383,-0.10137042786707555,-1.380594024091114,0.18032688043082523,-1.6748062367124048,-0.12580955817805717,-1.7831629727769296,-0.1613337227599061,-1.0687692535644238,0.38528238966454476
254,"Non-estrus, Night",1.2326715925935587,-0.47137578799659086,-1.801118190136632,-0.2881065142496524,0.0386585464760294,0.10473704948703168,-1.4029931950309453,-0.10582558463263253,-1.7618939933985542,0.3084850579110692,-1.287638608307848,-0.29198473737685077,-0.09041227486602223,-0.060257820671676614,-0.3420084890939724,0.26270292033951237,-0.44820831561676067,-0.6350380828837231,-0.8689855955589857,-0.2584671893233352,-1.506476632614164,-0.3600206418983962,0.790278580339489,0.1393955162763209,-0.681745686329807,0.7727349147430355,-0.9035124159286538,0.11571257043361574,-1.4096824911523766,0.5459552400954306,2.8337801174978776,1.1462521091518507,-1.5534789674251794,-0.439258742596299,0.03115631003161263,0.2682283479669967,-1.3484730327940413,0.18653323580640235,-1.7722325504163228,-0.21669063603073113,-1.695458133019076,0.18873646821262055,-1.8338968666653777,-0.2910754497026927,-1.1961331123261394,-0.04281540060241821,-1.1258553100722255,0.18627679769097333,-1.0858885797657314,0.15257461770068562,1.1738059862871544,0.5360300726234972
255,"Non-estrus, Night",-0.7218625021785273,-0.12704219814021972,-0.605710411630388,-0.43769204122192806,-0.7260285120992155,0.6736934827060462,-1.6553818669880864,-0.030665773504478414,-1.2097854937777937,0.30502107413380547,-1.3646829824258815,0.08076575768341844,-1.716892544500769,-0.057771430662698985,-1.161555202887837,0.055107680000920284,-0.8742372005693482,-0.15243969179725392,-1.3570932090535115,0.03294717446841786,-1.1528698195904623,-0.2114423044876242,1.2070925890683906,-0.10850836416512148,-1.83060221410413,0.14771528532959405,-2.013209926364141,-0.2266592667650367,-1.6697666723905142,0.17695775923627982,2.825843717676554,0.618179959726625,-1.3284812185673813,-0.2835232688458469,-1.1721143805918544,0.05926672363702581,-1.7162207479944438,0.19295607937353987,-1.9138999305931839,-0.38973137407749675,-0.5106661657411201,-0.10040135300738309,-1.2218998581826859,0.39650445034373094,-1.6370357426251998,0.14361734130278686,0.35777222591739244,-0.05154285600953818,-1.325508899222191,0.30118849114468155,-2.1945534991885367,0.3913912949896002
256,"Non-estrus, Night",-1.494020255403968,0.14148992885517936,0.7638182560239744,0.003350608219883406,-0.8284283997746122,0.18317443642798562,-1.6370693820185716,-0.2017617591886345,-1.6204675361017284,0.23604337274387785,-1.713613307052131,-0.18052847740809125,-1.6178404313297858,-0.3136692511105819,-0.8244315616376755,-0.0930390458461709,-1.8264423337334599,-0.22846852306656143,-1.7305686572898087,-0.18822380218441453,-1.92789093365712,-0.2820441559127162,-1.396721355885455,-0.275733550846084,-0.8788356407917896,0.27591646625258076,-0.6842539252675005,-0.24814344015602047,-2.122685144458398,0.5414592610255458,2.4078504222879027,-0.12575071360569592,-1.761083896293807,-0.39599908967368447,-0.8277007799452679,0.1881776576811765,-1.3292408250796215,0.4232394788322123,-1.4009449839659922,-0.10651037056218621,-1.6166265396025508,0.04738576900145824,-0.4161562766837155,0.001813871712845783,-0.8717909405593333,-0.15793758764770668,-0.3509590718458385,0.37087180195365893,-0.7791943984242506,0.19152107980047292,-0.5062903733969247,0.6291318305568011
257,"Non-estrus, Night",-1.7910396093499312,0.02537174549447938,-0.7775572851763185,-0.06188953453401512,-0.2709552708509307,-0.058299851559135175,-0.40358974715742657,-0.3639234870387463,0.5616048371836272,0.2754962394456468,-1.7267299916870535,-0.38581104511919007,-2.144363627687781,-0.4709811325882394,-1.191624150884197,0.2773793228951321,-2.163801633207566,-0.7080394445257717,-1.678009623217974,-0.32950682285517174,-0.5836363974923483,-0.4125301550495177,-1.931983902678468,0.19105191691147225,-2.108830558348854,0.5124741738273795,-1.7690102126674818,-0.05534886572472619,-0.2893304770157928,-0.13332820966276338,1.1830025867430087,-0.5906762703986963,-1.7768568407981753,-0.5232674038630494,-1.9902575661783808,0.21940033412778415,-0.6465019933966439,-0.06578907444737565,-0.9188680410856516,-0.3885264983843574,-1.50426780848049,0.1253025772543796,-1.5256313711142229,0.029046185701596706,-1.5589435718700748,-0.3344255909432476,-1.420910323217181,0.3463489964466025,-1.4792627843395798,-0.005911814992949519,0.7262792226621215,0.14346267259833234
258,"Non-estrus, Night",-1.671654058268167,-0.1540345245027864,-1.515301628980014,0.02813501247551295,-0.3904622883137327,-0.3750598906132098,-1.4170768143135277,0.07234751441745836,0.919137087423925,0.07533550062607709,-1.4166870871429778,-0.16234837360943566,-1.3428879793599349,-0.19559199301692606,-1.6078888001453728,-0.06226368945595107,-1.979108684486692,-0.47944223666855723,0.6584612986343357,-0.7982073503492223,-2.0974509702433286,-0.3212646615735624,-2.007466965197936,0.3563160386107612,-1.4597221573306947,0.4541031422291602,-1.3383204381731872,-0.2965660278989554,-1.966309348000652,0.22654269027510715,1.0176719540580104,-0.09120951987703488,-1.114867590603294,0.1209839466092192,-1.7926565531915437,0.27394416672386335,-1.5810078397026492,0.10090141963794078,-1.5695411677267057,0.02344636734232025,-1.340199916204996,0.36624976164849077,-1.5082153099076796,-0.47949334661573884,-1.1124141668695098,-0.010733517306209715,-1.3911926873022844,0.21609003744276484,-0.7274135874872332,-0.23255882846024717,-2.1994357405055998,0.4057279722319868
259,"Non-estrus, Night",-1.1760534234140363,-0.08324675091067872,-1.927834799717134,-0.30886031271211156,3.0618612468210054,-0.6337064405896047,-1.6398136232392255,0.03901917614543099,0.08197911171759434,0.022158761034316812,-1.9759935509919044,-0.4228474478399119,-1.5938128201325636,-0.1375202397909888,-0.5659528561453032,-0.04910092370205794,-1.0753000947695672,-0.3640014305735544,1.7806655332663257,0.037387560484792894,-1.5527013563662926,0.11364826893940422,-1.4645846905216005,0.4571183068677172,-2.064252957252753,0.33810075635168574,-1.4212280895369716,0.04063381368385222,0.042814075951441474,0.029459013527319815,1.4717025372143995,-0.19895426324246496,-1.259364392976859,0.011962943680880326,0.09973163631098252,0.48386892219117733,-1.1067032618958499,0.4164931584294186,-1.8635023880041166,-0.3120086488275451,-1.8500965916354637,0.2794967100388358,-0.9635318137063221,-0.6448568365797612,-1.6101992615338008,-0.14596051595052237,-0.1505835945736744,-0.1753101637282693,-1.3557672822988565,0.12001775722269799,-2.476924137590324,0.6913201715384172
260,"Non-estrus, Night",-1.3914086317002636,0.1363738891766486,-1.8953408650080346,-0.47360408582669566,2.4391463182392785,-0.5419234665025474,-0.950768539750787,-0.1449236539804165,-1.949554980952925,0.4163824026905506,-1.3088289241262876,-0.23081824616264346,-1.5945981266022742,-0.26031958594218435,-1.3047257273775128,0.3461264313351028,-1.9306327735600508,-0.36320105620538945,1.1709654156238805,0.06875080959820415,-1.7583720248071473,-1.0043991159789878,-1.5289401259230282,-0.12068908779669206,-0.9510856353426775,0.6476952678332978,-1.424635865017745,-0.18144189976596772,-1.9978051141593212,0.22754984599287384,-0.9518526661065245,-0.2540790484221652,-0.8771514076512913,0.2201755793465298,-2.275379756341901,0.4337450237768019,-1.4638843028560427,-0.06339508656078661,-0.803424966089314,-0.20527648863693582,-0.3181862683284409,0.31871869757095195,-0.6250024906706145,0.15309790576490334,-1.6477144231890561,-0.08679351866711682,-1.7493286246118729,-0.06763818129997054,-1.35221189717117,-0.08332282251819689,1.0702906689832048,0.4004832243871174
261,"Non-estrus, Night",-1.4694011798426974,-0.09609606306106623,-1.301889256291808,-0.4687181903502895,1.8274006625927832,-0.7221962277450177,-1.6307854804433004,0.06940917653387521,-1.832933131883799,0.5088706441393779,-1.8899126410994227,-0.5627198290370004,-0.918745546410517,-0.2801054917266867,-1.2821723495117094,-0.06755271027388784,-0.5240422808377959,-0.2746927779893707,0.14484613211203953,0.14891582422443952,-1.5717525306795357,-0.060638751195057274,-1.7256839512051412,0.14453181652087746,-0.9328591210259769,0.0803326072952443,-0.5549880889041978,0.024250501059748582,-1.7698850233731998,0.21711517635185684,0.4775810426887105,-0.20880231027753285,-0.8450334484867004,-0.3077172955885203,-1.5726055632380456,0.2695433736504909,-0.9722660660811043,0.3824239825128024,-1.6139433218796593,-0.03917257525122291,-0.32422581368738157,0.5408568912200507,-1.3179329263246287,0.16708980885402655,-0.41996461222749126,0.09063647473354167,-0.9383885953226142,0.13935919895499732,-0.6478765706717725,0.3277070479027998,-2.1536643635703023,0.242451463081951
262,"Non-estrus, Night",-0.4909025644575198,0.05513540144543578,-1.9219682958317468,-0.4131531669197391,-1.0297484440332918,0.3555223055048493,-0.45749976161296857,-0.148674095828546,-1.8454225231895347,0.29069220363664994,-1.1901269374631112,0.08110548007712788,-1.423428329126068,0.018602869954034477,-1.3063548123646114,0.16980001419299307,-0.702414176404067,-0.1276004916971142,-1.3972457890348187,-0.05705050530384139,-0.35987841038564367,-0.6369058360682164,-0.8171520445830992,0.3194594715265036,-0.782545040241668,0.11972010429649363,-1.590686546817523,-0.5912882369916282,-0.5971421699602966,-0.0023504572754942275,-1.6052814920995553,-0.2796835638167007,-1.1490147180039554,-0.09138683990912576,0.347455706163635,0.39275712728209916,-1.64679031981097,0.1506250165625609,1.3510852630141064,-0.9634283224233553,-0.8469556053224618,-0.3960985263500894,-0.301252333472441,0.044098958323672235,-1.4920211837517239,-0.09919539647541101,-1.4346478807259042,-0.10887435789211578,-1.4672609320505978,-0.06571503286423996,1.2618762108955905,0.7775144716977753
263,"Non-estrus, Night",-0.5565316780997307,-0.089765011666722,0.19054543952458586,-0.28350787723766757,-0.8731635983040725,-0.14232781300552924,-1.2150576252591536,-0.05603002729246522,-0.34629753963478366,0.3103100939983755,-1.2049891544491693,-0.029839678447018392,-0.7610145863163901,-0.21111201503727633,-0.7196221093782319,0.036289330224502335,-0.07432756256524019,-0.5064485167461074,0.7905620668414122,-0.21888527012888084,-0.35957911428173406,0.06634823356573788,-1.4066967592424808,0.03706271313440516,-0.7295677014692288,0.00018080840631458703,-0.69611805986621,0.10443898852701339,-1.9383752797384441,0.2687324260269749,-0.5263693773577863,-0.12689307362846727,-0.927913945866836,-0.15240313955070908,-0.9986247041021653,-0.11532885129820257,-0.9783993090120225,0.10351204893303376,1.2099721725727108,-0.4173636711336178,0.37434312257142394,-0.02723738946733806,0.16222901293908484,-0.48801421801017186,-0.861190073519777,0.15040038248704388,1.0093747557564623,-0.3472499757448026,-0.2961949610344921,0.39581948216137747,1.7680073501278766,0.08229461395901372
264,"Non-estrus, Day",1.9088259408670594,-0.3175989772558169,1.437672640173139,-0.10125447148825444,1.1945250922819275,-0.476739279051466,0.06676590588583908,0.1633971195845708,-0.7822806527008402,-0.02116238287774782,-0.005793209164598666,0.3447323400106635,0.34522580877191544,0.07747585439328432,-0.050973177187489505,-0.15118082732685656,1.673305005619759,-0.05685491433118838,1.045114747896792,-0.09309909686679456,0.44634772202625866,-0.4325847284914151,0.5330747134653394,0.238341244935193,0.8566735340547958,-0.06844780483324325,-0.1116475426422952,-0.4958209130569107,-0.5722685684081686,0.09066523487720092,1.6786866367497069,-0.06017291900373599,-0.10986614335862087,-0.48380631939656776,1.497260182937323,0.2840283920836881,0.02000025616392736,0.4129077830297076,-0.05868952010715364,-0.6706385728034459,0.4205656797220753,-0.21073015716708382,1.9931930215579365,-0.6743972268237238,0.030928369591879803,-0.06053671501965708,-0.8200502838548807,-0.4194127285356321,0.010283196479243492,0.3736981660603075,-0.809726606137301,0.2559005777847191
265,"Non-estrus, Day",1.311405830410052,0.39194105483014485,1.9115799824755477,-0.26466219318645073,-0.5922117209285263,0.349199352548058,1.9652482448988617,-0.05721681458031524,0.5463338072679039,-0.17811360370723672,2.555285991009668,-0.31983006859374613,2.218059129803593,0.020268911372378146,1.8482954801544562,-0.17869093281737253,2.1326171749489764,-0.0060432430531437275,1.3281185568014962,0.17744343709017177,2.8127146659131257,0.2950188996035352,1.5970679293891503,-0.15457659644114377,2.2947578149213577,0.032713172647926905,1.8101131072505239,-0.15249742414692632,1.8240141685690576,0.30725641268532033,2.5124276497676568,-0.348187749679531,2.2959341802276687,-0.47951360554502653,2.4380213996670084,-0.22211473554912856,2.260502190524781,0.0834715146776774,3.1583602785462013,-1.2035179188530902,0.3335065659348432,-0.027174162696824957,2.0348639841695837,-0.5304670579787929,1.5268321503146698,0.11148068478169697,1.5612108551922599,-0.5804153071893046,2.5826607418719814,0.35379097515846597,1.7929979591793306,-0.1223302776735919
266,"Non-estrus, Day",1.5118769699909027,-0.11289911112930005,1.6970717653606366,-0.2828595740842699,1.7010550056930334,-0.04133661329561022,2.148892486594943,-0.1058004416446553,0.9061114256973984,-0.2263818604888521,1.6095258169442404,0.2485079789410301,1.7052651748184413,0.23005160696848953,1.9471161706762257,-0.15036214825288804,2.3304207899199905,-0.12797716744461232,1.4152806351765752,0.3753724038895892,2.399293135785372,-0.6603110461084633,2.0201387689173447,-0.09830788272114227,1.7956473996810123,-0.013984460477193438,2.249394368662357,-0.23139291271022688,2.744468232602716,0.4701643063183981,-0.45141241023343515,0.08698213717890668,1.5951018329791133,0.028365214018764257,1.7466524393609337,-0.18433175655666534,2.2459038536243625,0.2696405984554541,3.1890659909291803,-1.0649218487345045,-0.8336306297996215,-0.4882519396139939,1.2461405295529622,0.2191436333487712,2.178122270485902,-0.07660612037817154,1.3491082814067077,0.19214426139316557,2.8393813623998314,-0.010176298919428303,1.677805572256537,-0.3083292066575406
267,"Non-estrus, Day",1.002904676073991,0.2806018504577978,1.9241191815646814,-0.11653982388016698,1.4973227673303402,0.34330327707445857,2.0239376181090414,0.11113009427146285,-0.7672056692169792,-0.13755875042700907,1.2828173532332725,0.035832017275265596,1.4762366317359799,0.06757617643956575,1.9378919430713015,-0.09624582267880266,1.6181133687049332,0.12179135067580195,0.9914173466093499,0.6410329957638681,1.4178631851127628,-0.9797444740521117,-0.6061626203831755,-0.6249955547865325,1.2396548560104081,-0.14690817297519618,0.2600864545222552,0.1568160259767546,2.7445833953868024,0.3724855901234232,-0.42572795971122723,-0.9635010985049034,1.8421236525724336,0.1900761825652314,1.4452540880291496,-0.2091734466589176,1.6543473690542925,0.30515825278988806,2.661451190961693,-0.6280589051529936,-0.13828686348574096,-0.1234891294101165,0.9827003322655997,-0.5037219832475484,1.9704838893385463,-0.25018601371758964,1.6008180696474676,0.059414170371851385,1.1350001194342805,0.24852005419162,1.1049062488350594,-0.027166763217482286
268,"Non-estrus, Day",1.5221257600272615,0.20833708451992716,2.1165533400122554,-0.23557701318711124,1.0967620255862045,0.8779445504739753,1.7609069828661867,0.2568230009654763,-0.9685442799824341,0.08641548869348195,1.649065720359182,0.13283697679444445,1.5697728412482053,-0.09400787883676912,1.779973101272717,0.02269485022441382,1.8961499949062153,-0.25873591016803055,-0.7668126547364316,0.22585151656318533,0.4088919640500791,0.5023802835823007,0.5308699314469296,0.16902552218323727,0.300390726635704,-1.0597305004016007,0.8721273591511712,0.2281507567185747,2.763950621602917,0.24844080139354333,-1.4158580587111511,0.4765406622732844,1.238344699598989,0.5272505767818318,1.7077386634826937,0.24785656161051822,0.1304260616692984,-0.3900573597727551,2.8587327455452374,-0.8423723207389384,-0.01132596097492611,-0.3809246874923474,2.0565174321107236,-0.7222241273940716,1.617261513581773,-0.2375543107632941,1.294357831597113,0.10391033822848653,0.008929229317183774,0.12041793579356297,-0.22356219509795217,-0.11281180697218289
269,"Non-estrus, Day",1.3306715248932073,0.2099796045049739,1.2157589174108199,0.19405622041472328,-0.04661935228202478,0.6202180611192709,1.588694197414229,0.20138837035262377,1.6859954411893745,-0.035089630843322436,1.6893355866217532,-0.11936540755892337,1.2008821752790673,0.20897097240123194,1.8635858018699543,-0.07758437776257077,-0.7354550282081452,0.35666536197482496,1.4216948160061862,-0.05574262455693516,0.05880773876925522,1.0822466441172653,1.3176439214728521,0.045718342367515666,1.3703328902240377,-0.9049326530235228,1.4048700403263086,0.12476852743830537,2.5538158089670975,0.15064064857624748,-0.4182131537136529,0.085721054180421,2.082791625690953,-0.11237344058483024,0.3526669790933127,-0.2744620102025243,0.5455687186244781,-0.029355222915395825,3.269808409873301,-1.0554208250539103,0.8927324418622542,-0.07129697131624828,2.107965113264894,-0.6068890820703448,1.8030186622841209,-0.29899586389274957,0.3018826819340853,0.5475041569057232,0.4858690793037186,0.2517198209408208,1.2243753161399733,0.2409960424158782
270,"Non-estrus, Day",1.6189326711254706,-0.04446276101855239,1.2135331710269706,-0.06415889144241736,-1.3617362056206201,0.4735876108078439,1.3319645988502484,0.25369364496042146,-0.025583669779499583,-0.38227481311821754,1.4114389987094544,0.23730776128032763,1.0996491545878189,0.21865980596587925,1.7425838152943285,-0.06168903972549769,-0.42822880470416963,-0.17983374227175167,0.317253736401255,0.8696195262141283,0.4346086872111959,0.7126226347950544,1.1597679671341337,-0.18139905875977688,1.001145039478092,-0.585666270115882,1.1465312084929893,0.11690387909680247,2.565385727876061,0.22037369084302474,0.1751271461596767,-0.7700677150635623,1.825039825895538,-0.348874841041857,-0.3810229529163275,-0.3082655993970235,0.2070404464879028,-0.36730740489221136,3.1253711123602916,-0.8436187041731662,1.2210225518923423,0.10600220899290205,1.514752112395954,-0.13765616106107534,1.887091390302004,-0.19185125703723155,1.201372260404318,-0.06611184232698503,1.464080170422418,0.31472052628791264,0.9200380184443429,-0.21237216761801062
271,"Non-estrus, Day",1.8350697942312422,-0.03361797756571984,-1.2448726702127828,0.2051908010496174,0.48838464971751006,-0.21764623725763768,-0.540888641954174,0.049913544051502695,-0.598378891456026,0.03853833246020855,1.6337849423515594,0.12430841504430454,1.5411018167226243,-0.23805022069002416,1.838854513279612,-0.09720755722557371,1.633971045169754,-0.17158966764577918,-1.1394216737406315,0.34892432325789763,0.15394806030230482,-0.8128537369066244,-0.0413141836112725,-0.6115931019256913,0.5595549006798419,-0.9827567910011531,1.0448555849350922,0.49364719861057604,1.950753964873122,0.17340260727837858,1.312847626977987,-0.5774938379078679,0.7728368464392381,0.14211945536917878,0.49160487596463154,-0.1999615070847959,0.628397720603108,-0.08709221991949308,3.4187466765290586,-0.8217777363570234,1.88546844851578,0.1034433671952956,1.1668003289748146,-0.12695971392490008,1.5901354709544129,0.1462188220986544,1.2292667086800944,0.4741043689275587,1.4302624004409212,-0.13897434886805793,-1.1642795691172758,-0.34984702250747673
272,"Non-estrus, Day",1.3443620100150493,0.13626840046764357,-1.6663416776996531,-0.23516266782462697,0.9629015075520134,0.2878375747206953,0.016743443455104902,-0.060368451265320026,-0.18306318541602296,-0.42312651735439255,1.1008911816786284,0.24774032037674165,0.5283475170964013,0.08629179174422,1.6432766331538595,-0.047596199239029545,-0.1374577812658739,0.34000298100832316,0.9969751888871777,-0.5759986929419355,0.8939646758126797,-0.45213980128017,0.4696343585557182,-0.41951029932866135,1.739765300201311,0.33643429924850665,1.317548707770558,0.1328659314508655,-1.0634688237998784,-0.28705990729681086,2.599131246372477,0.2080379728617489,0.7396027145264363,-0.1859016766956209,-0.5667946090570875,0.24466434066271958,0.7357273358446204,-0.08000229247713822,2.4259131934524683,-0.3208345673052598,2.0005877953077404,0.27237821847027227,0.06511741624845946,0.8787862322433805,1.945709636609205,-0.16069953315578678,1.3047202773218018,0.42926545921952025,-0.5399306695703565,0.4599936507534609,0.36826150148903386,-0.3534707406185716
273,"Non-estrus, Day",-1.097390672968954,0.12143703971739624,0.24894547975199516,0.11166505773124338,0.8962372381171231,-0.1855260258031568,-0.8877121644965109,0.16450614550758144,0.5204319223635426,-0.2912591501266694,0.8692641703424956,0.22834046562473784,-1.4435564520115292,0.10464280757064524,1.730762206419338,-0.17567283114727827,-1.344617522745265,-0.05874572811279009,1.3314781192365708,-0.5128746392321705,1.145318099543373,-0.07776929218171859,0.6216948162515311,0.1025480432579092,-1.102102829464792,-0.6806270349863537,1.6889182221435952,-0.17562305222531321,-1.1815872456693353,0.33412058684753726,-0.3915508742234494,-0.3478057836462992,-1.0494935098924028,-0.30016722221441927,-0.5667278669744336,-1.217400146422632,1.4808125501349396,0.18260741300975997,2.3047884759850374,-0.0863335810755138,0.46778954783230187,0.0695917246467661,0.3741173411352921,0.11925155286647751,0.3699588416452373,-0.007158076194161343,0.7830962787738884,-0.12584201268347675,-0.31346776246866764,0.08767529482372567,0.005896334361528016,-0.09105246755877432
274,"Non-estrus, Day",0.27101543444988885,-0.4167332349870966,-1.4736977802603097,0.18304562951946057,-1.5199513713989956,0.33601708112535467,-0.21902098090284935,-0.32603947625280105,0.11634866139647561,-0.5878024811011993,-0.2264087118952131,0.11355827227586339,-0.45114753866663004,-0.13893465507872113,-0.7348482221932119,0.20393352416827668,-0.2012024383710788,0.3115726192953923,-0.16442531906771288,0.033486427787278554,0.2686647254488465,-0.3642335543333115,1.2211387675941183,0.075268130078248,0.5873750987831268,0.09435149905004227,-0.5820440301018324,0.6399457714680983,1.0450523615635912,-0.07539783810759895,-0.4442428503235727,-1.0171942523754893,2.3547123816664355,-0.602203858740593,-0.7416337767915995,0.06119241204256119,1.906763243976389,0.49737270601650435,2.0599346916740235,0.011588626229622093,-1.3564582377884868,0.23436498471860268,-0.7511390958832991,0.6301424155804302,1.7308353665101535,-0.3766724641518683,0.23484113983674035,-0.43723258084947625,0.45929636530187795,0.07666882626858623,-0.49876302632156333,-0.16581496572766793
275,"Non-estrus, Day",-1.4326029944336875,-0.01254813693901079,-0.47146272090919544,0.03857422795948094,-1.3172064854662542,-0.3097325764828335,-1.3659461971579472,0.12205400773353763,-1.4352366108935646,0.06805864056812233,-0.9008099748469639,-0.11738326050009555,-0.550904416918968,0.022767123129266244,-0.47839120036142596,-0.10252307983275094,-1.0690672052744725,0.13090495191733534,-0.7284832625686422,0.20187453399228458,-0.5584421265654942,0.17502793470137226,0.7513775782443454,-0.06213411468636058,-1.410284421698981,-0.21103269674164585,0.7014249365128856,-0.049897744559060604,-1.6978250347337511,0.19993468650603272,-0.8744868723965357,-0.0259492693197523,-0.5854993102900921,0.10047733552141659,-0.25443878635804074,-1.4434291482869746,1.0235910548037996,-0.09285763691544381,2.1327037348537923,-0.06855241648849895,1.5959325451057864,0.9683269142383122,-1.59366773189522,0.030664646557764404,-0.014987439947319114,0.028682765775862963,-0.14625218217772468,0.09936929279391317,-0.8344013472692354,-0.3529339742043342,-0.6924026353341723,-0.11399189559491557
276,"Non-estrus, Night",-1.3124557591017205,-0.19119272268607404,-1.7539405103921308,-0.21994609963029094,-1.1730666835041643,-0.14494813842485763,-1.5726671092365716,-0.24844114588773442,-1.8364842092824132,0.46715046482791983,-1.2288237532370496,0.18917271786136836,-0.090912077288644,-0.6578467074761477,-1.6208499306214537,-0.005754535800214668,1.2022063837672732,-0.6615751944247122,-1.3271800252964514,0.36608471528710357,-0.7609988640612908,0.7852626540996904,-1.6115959100380786,-0.1475966301383721,-1.9235328461264267,0.2988876298299129,-1.830334415249152,-0.09679416485466526,1.519814651047264,0.447833720840937,0.4717432792284012,0.22472925512013875,-1.418620754996147,-0.18699252724139867,-0.6585262207441998,0.04443876272750774,-1.1419387151989224,-0.28095793352385207,1.1373106928100398,0.17642191392667972,-0.9261431374897848,-0.054602572044398216,-0.6796447295433162,-0.15645133995018737,-1.220219036011946,0.24182238777727197,-1.5091264734639909,0.2531723316286688,-0.5264406127725362,-0.3443638712233467,-1.8476401963759816,-0.009547355967662126
277,"Non-estrus, Night",-1.6549233135435553,-0.2064120921365899,-2.0184007113144973,-0.44558824103416655,-1.661527957540014,-0.055359601775888494,-0.3092294537611599,-0.04882399851978093,-0.417456194424444,0.1906827383670162,-1.5016509846270911,0.13807535155922285,-1.1993689182468468,0.36150712467885854,-1.7353070901895462,-0.18968197950012455,-1.2976194179065497,-0.01556538493810436,-1.443257934544899,-0.06844799818131586,-0.7890077698293065,-0.8273234703339684,0.30355067901411864,0.9700305256464286,-2.157750864186354,0.6662295621253194,-1.0765634302181595,-0.37937667977393974,-1.395821257182627,0.015820202659731657,2.1709651320363963,-0.19141119187576786,-1.338211314089621,-0.07870924391362383,-0.6195206376883468,-0.21685240788170537,-1.6810139533497082,0.16076032532574797,0.7337492114166465,0.250022864258448,-2.0429278171325915,0.5334879303350647,-1.459930685738201,0.17477581508627588,-1.3004358943457672,-0.011982892287326508,-1.5599458739717038,0.021294149274946637,-1.6098690727615106,-0.2862134191727363,-1.9877360076599544,0.3655587197457872
278,"Non-estrus, Night",0.5960889184501402,-0.19735481694677418,0.5682031942696899,-0.4944158357323836,-1.7013070125610779,-0.1570725650846117,-1.7936220764468214,-0.046431332766103055,-0.38940970213429127,0.5916352977580258,-1.3544666346813972,0.07936768392329914,-1.6261143147511088,-0.016115736369221353,-1.0874916825685808,0.04744145428274473,-2.182507609859894,-0.6284380583293366,-0.7190977373116064,0.027110107243858265,-1.2867259931015098,0.2683224597285964,-1.1075084001326088,-0.43712262573274496,-0.9773126264277571,0.0033105409571493787,-0.9745711409159791,-0.06004171273282854,-1.9109609606495805,0.36428883571641824,2.5089797914918197,-0.036467086111179735,0.1596394481539415,0.43088710521292606,0.9677995892288335,0.37181020169909584,-0.41327097943003016,0.2881328279900666,2.1677894324990064,-0.10795963110447652,-0.474827755158254,0.43730507652576833,-1.6633696795085087,-0.14722457721537566,-0.9651587139945494,-0.2548140328778731,-1.1863940796509391,-0.14212975872841146,-1.293277748612059,0.04741639620118651,-0.32335407601706745,0.003187678390344765
279,"Non-estrus, Night",-1.0120716404712133,0.033985291319098894,-1.1274817804147366,0.12534398302398064,-0.4593819613955893,-0.5059134719827255,-1.4675945403959822,-0.05222465131906286,-0.7300340009103446,-0.23185843315349686,-1.1116879320774717,0.013836288405007195,-1.6312150431317838,-0.2066144211490361,-0.39497935625802444,0.00438606625641233,-0.24790898713983542,-0.7544762937692806,-1.4752673446755191,0.22353574032925255,-0.5057361849017834,1.0859244957163465,-1.5319301628943,-0.22878409014960543,-1.9008548438819193,0.18967908333234368,-2.0073089330992797,-0.25388977925306183,-0.2922995030599835,0.17960835586393628,2.282233834354145,-0.4498732156394917,0.3371617331387944,0.039107275291054976,-1.487421210674121,-0.10649227009021843,-1.6592318580232783,0.22027632611680317,-0.6404260216441977,0.4101060354161576,-0.7973020605831077,0.02042300037926279,-1.023751993810829,-0.21749326522411694,-1.2971159012042324,0.03967818032353845,-0.06794759846386589,-0.34318015346019953,-0.7837674231932135,0.0640275111978233,-1.5574884074854327,-0.04578000857808685
280,"Non-estrus, Night",-1.687131162882041,-0.05568617346750604,-1.7668744723295047,-0.18671804484297325,-1.8369276426564105,-0.11308486114573287,-1.5557854810969323,0.11877494676922035,-1.7385485980707602,0.15794898896926218,-1.430305937799301,-0.024979744705905953,-0.45272514409531117,-0.26094170227094593,-1.3433686323000908,0.10009429584254056,-1.6840918016698299,-0.2703249912923617,-1.7665156933960868,-0.19924828839521647,-1.443058969314414,0.00215280015162269,-0.8736914835421494,0.5707781575197413,-1.8516660342118192,0.29691087288893186,-0.2858839068881754,0.05348258142487795,-2.1440981308631017,0.3626637055349901,2.0727275799392566,-0.4694886408339049,-1.5936874878665968,-0.28857367554673735,1.0125595815694288,0.27660418518668056,-1.7061223887256982,0.2721852578141291,0.6338615979006235,-0.05834577252210132,-1.816446883559804,0.2906976648158506,-1.5577034977358941,0.07255695064365712,-1.3851051045045872,-0.1263159466659633,-1.1277779223411168,-0.12939836120148185,-1.432635249079191,0.05532014131698613,1.1477573512616828,0.6768825724564719
281,"Non-estrus, Night",-1.7067934122004762,-0.0448594614513465,-1.8516630033604082,-0.41209089953543815,-0.906591549411935,-0.458587278627035,-1.3787441242488907,-0.07018352313456773,-1.411367836405002,0.4624100471154666,0.10130503148511028,-0.49104927421339445,0.8739517043054569,-0.11162110690061276,-1.7114951468304613,-0.0831186682781394,-2.1778579436938963,-0.6314239154913983,0.40937002506077946,-0.20270109968720101,-1.5751366537282516,-0.18264649227696808,-1.8270816882917031,0.08006285105488911,-1.9652517990264504,0.36390326772114534,2.3388499638968137,-0.0014597330835348504,-0.008172013100801229,0.7633899764557789,3.307037146973596,-0.3540632225334506,-0.558879016636213,0.8036718043092513,3.110734061279728,0.22213003283264893,-1.3700451085386676,0.5814743455720696,1.2490633451421196,-0.13335789841850346,-1.0075519776155937,0.3135786881394195,-1.4833155013456076,0.03875767087409249,-1.6282275091061627,0.05574341588316343,-1.0475013015785342,0.2943938936114057,-1.621056029107877,-0.4276231298775631,-0.6135901533071655,-0.07800051281441966
282,"Non-estrus, Night",-1.2723544622859373,-0.2547538944079136,-0.21314727184719207,-0.13010897768191487,0.9447505175716034,-0.39507069754725604,-1.0574177206408986,-0.1048880794018961,-1.4959273437526566,0.20851301620210372,2.124434183705068,-0.21113920418446533,1.008638273975153,-0.16361276086595253,-1.3710434494913073,-0.14212110469693495,-2.112710247025331,-0.5405063275906328,-1.3495509023296208,0.039104895087004314,-1.0837469908169353,0.592854058269408,-1.7691270438909712,0.029716770991429997,-0.02730416349816093,1.0468326937038592,2.586851796185972,0.1855801286203136,1.8089283359448716,0.3802706051472205,1.7762248529862408,-1.2283342563237318,-1.058646805867147,0.22028248781456952,2.685674038396085,0.3286913034010286,-1.3405487954376378,0.0481305725824312,-1.0128237865727625,0.30792396568967306,-1.8935772214753175,0.2686129000572658,-1.5013313312678898,-0.19118665892296666,-1.5725093753440147,0.0389499304413153,-1.3485359295807227,-0.014081506247467845,-0.40769294738862366,-0.3521878549355077,-1.8492631025392499,0.3148770053602319
283,"Non-estrus, Night",-1.6742588986475342,-0.11395481901372094,-1.713867763866675,-0.2102983186733824,-0.3701890083483079,0.34413106807352645,-1.7025039308652976,-0.020822883801638697,-1.9829971725216085,0.5338997852922257,2.059547283722879,-0.1556584631189393,-1.2774083581698898,0.041024203310786156,-1.7914401528751265,-0.17225827075201597,-0.8740832694303146,-0.2687274914111247,-0.9014394115625071,0.10507062079015203,-1.7676385662977399,-0.07785711520770822,-1.2519875737418094,0.1243058735590136,-1.7863331994546376,-0.0047169096362259175,2.417558478551474,0.13423497146608923,1.8082825845007413,0.2071312770782068,1.6524680818846689,-0.8351859346512241,-1.6189623212999344,-0.38564476976208056,1.8712857630398672,0.42866918293898465,-1.745852090656518,0.3349996043215186,-1.152316303546096,0.1481905726712401,-1.6844273198522148,0.17362832205915263,-1.1997204740446619,-0.32232490633914357,-1.208191625524632,-0.11420160224054368,-1.2081746739884747,-0.2556798726317324,-1.3211642061859707,-0.024283324521366032,-1.002002986627965,0.32661992494979203
284,"Non-estrus, Night",-0.4521407106772949,-0.38579573643863285,-1.8346287462428554,-0.3509928991806795,-1.8018109944478211,-0.23073852004670287,-1.6968028951862735,-0.09772103081368884,-1.8722733366275022,0.3865277892042513,1.322689590858205,0.1411673579261488,-1.8407389845670354,-0.11823395401131133,-0.8551631731199318,-0.024673340258040747,-1.756277363156772,-0.145895827081777,-1.0862066544027829,-0.37461346247992394,-0.9604415371904306,-0.5799133518001074,-1.8664976709187668,0.18339077411504542,-1.8510870979834246,0.40615916590480805,1.9771220348099303,-0.1524712855820644,1.9432738581515923,0.41767758842425157,0.6514932633022826,-0.7729156943469453,-1.6857347252914296,-0.34261112785168524,-1.4958864979399058,0.00482157261070318,-0.7804761674163855,0.11535806892448663,-1.1000443559823074,-0.0009341964137129146,-1.0682111752111947,0.40821566062341036,-1.709000842531291,-0.07281232422517267,-1.4655759370278683,0.20740837899115516,-0.8230328652350816,-0.16072816628906642,-1.4755030136386609,-0.3672625705307039,-1.3902268772623003,0.5244044633740346
285,"Non-estrus, Night",-1.3978853065534331,0.06485409680967653,-1.466253401882316,-0.17041303195013627,-1.4275158043421308,-0.5026204397422556,-0.9246731768868719,-0.1658243778200438,-0.3826997691527847,0.2108985533861593,1.6147135395911991,-0.10529550855431835,-1.7922159037304302,-0.15210996490765688,-1.7515448259938846,-0.1844656569696368,-1.3236927053705154,-0.5828063882782729,-0.1981285110093102,-0.10406072205213572,-1.4776907488592703,0.2325935497920543,-1.511965132132915,0.5851495304541248,0.6059143838220177,0.18318728195145137,-0.32465613807534277,0.07037127990255888,2.012107356680965,0.6852350917595031,1.1132647494462393,-0.7472828802311156,-1.1457221377972506,-0.2925024374582477,-0.31723482513486106,-0.12875606915988663,-1.6227691587445365,0.20489091101666831,-0.30016877250504065,0.5358099984772584,-1.3116637628599557,0.2262665066695324,-0.9751777627221118,0.25641998309579594,-1.5439294405776054,-0.10056525203790165,-1.8978568357246273,-0.34762002854749896,-0.5310638091339183,-0.054464576418865866,-0.8766449899316271,0.33767593231883974
286,"Non-estrus, Night",-1.7448362020018844,-0.056478484762772216,-1.552199493715006,-0.25426085029534046,0.1601392041040047,-0.3249940766451593,-1.0247116493747335,0.10013697644392404,-1.550715523997575,0.24066556809198583,-0.42271709896568815,0.011221113742639448,-0.7790120981495317,-0.13086445595805324,-0.5495130139926109,-0.2819368069635336,-0.39738304433858,-0.023001846993183642,-1.6541128793160769,-0.2349961875827587,-0.7855459963924141,-0.16923506404722158,-0.2805780987592626,0.1465749010243141,-1.2131602422215326,-0.03873801421563832,-0.920893980812324,0.29181899914679865,0.7297085038781086,-0.10762413944840543,0.5116256227812934,-0.8094023163131154,-0.8475608135952439,-0.28997277529979176,-0.46634237205167656,0.5171551696035694,-1.0177544119104416,0.2562830143163386,-1.0024435519437487,0.5207129607696834,-0.33492859324930824,0.2992087181338277,-0.7619585237176162,-0.4047510920683686,-0.8389332273593149,-0.20198613723980482,0.026245520501552988,-0.287431022420988,-1.2974808703977156,0.15396346737459418,1.144793530334007,0.3084221248892853
287,"Non-estrus, Night",-0.4440026460271055,0.014633630716677925,1.3385018575727132,-0.3122450746111968,-1.677573180103616,-0.0672758971203134,0.14198416527980562,0.0007866977818229429,-0.7902530070901078,0.2250230127716627,-0.4335526832161705,-0.04290458702500355,-0.6763656439572066,-0.1248784747601515,-0.8810081016991881,0.14256825617613622,-0.030559236477880582,-0.4187759315224067,0.8380685908122253,-0.35968245647944247,-0.7477159720699704,-0.04646467125656426,-1.1861798396094614,0.44044806915776774,-0.04547118016003298,-0.4975422329732097,-0.7205771313279977,0.24828796628988567,-1.765922921646304,0.012944532729701324,0.8435756620754197,-0.903898978557602,-0.2846783111260746,0.03978304510074894,-0.7801527481180225,0.0886523989135932,-0.7646352057614956,0.35846659860677005,0.09074017821452403,0.3630105513407976,0.46534292128239857,0.18892189681272986,-1.4859737591428444,-0.01725321626224888,-0.6619390374935231,0.07278887246167799,-1.664691380189153,-0.27195091064519683,-0.39480904823196106,0.009985114322819025,-0.7082798782104491,0.5650464957576425
288,"Non-estrus, Day",1.4091194868351808,-0.12622230770354367,1.8085626542357964,-0.30843880322798733,0.23978615026844455,-0.30728103876837853,1.5678566930687938,-0.061645869629740974,0.034619944701446505,0.066284266856888,-0.04998352712527087,-0.001432937069714541,-0.3767195138943363,0.11772213025682961,-0.1457657053679483,-0.10907603089461657,1.8817212049010767,0.08379601541360295,1.2102135902964057,-0.24645505868715228,0.05371528451948939,-0.03439304577688393,-0.6933141289640629,-0.39328132379745895,0.4672107134458267,-0.5559387692504956,-0.5460553867825143,0.09149465330651113,-0.9289354715232422,0.10179455299537915,0.42943747056388243,-0.9813309360260205,0.2950292869784957,-0.038367118264906956,0.20962148599151875,0.45470965903499555,-0.4222626363281295,-0.22378553838312484,-0.22191782890675862,0.4875554667936675,0.49823403095869756,-0.11307318997961537,0.6970501724627405,-1.0339050275213042,-0.3547487569581502,0.31735548186632756,-0.4602674976447748,-0.25805052517046784,-0.2725428730578692,0.3062873070040118,0.7839941286828463,-0.30323474006428425
289,"Non-estrus, Day",2.3329179909146216,-0.3821760612105611,1.4764890541893385,-0.156982629546076,1.317824843949446,0.33515583328942106,2.1339482669222236,-0.23325044463797545,1.7645237390166173,-0.19769311970355663,1.761629109686594,0.09758045606325932,2.43454259745271,-0.05798283371559883,1.9901356253853035,-0.25547785823665614,2.1858978334194332,0.027194166681157924,1.8315238807859708,-0.5445099421195931,1.9197618553068119,-0.9874880146673461,1.3642605355340307,0.03410112425779337,2.329676603156133,0.2008083536222579,0.8916607695191121,0.149614910057974,1.1891727700667316,0.8120130733064621,1.077496140159183,-0.4657291964540815,2.199551421950635,0.37772691174128,1.753183277633397,0.04911736785285696,2.245536340943107,0.2087836189988507,0.48385538065140377,0.5881264826033503,0.6215406491751315,-0.4891744533656681,1.182404628770128,-0.8849685395466045,2.1045342624183836,-0.15239145023975043,1.3807796330166873,0.39495336570690687,2.5436508119248695,0.37441576449700364,1.6356995119811573,-0.2094965308302189
290,"Non-estrus, Day",1.1552770338058291,-0.09753371903231538,1.734999965939824,-0.357993611555023,1.595140611476291,-0.15776681931141076,2.026090208082109,-0.10033589168066213,1.660934954900169,-0.1943478325879833,1.1202332266009527,0.5067617908940771,1.9516167095731312,-0.005314625330995342,2.0970092034898102,-0.03009614837787279,1.9517580912350319,0.2693201920844554,1.7131437035040218,-0.4884322701332096,1.0283855621052111,-1.483452247758296,0.6052329122828989,-0.8335823078000318,2.0678269681208503,-0.5024903895496856,2.116849389250589,-0.09358480517844728,1.8913340760630848,0.8974742037000907,0.9685510680935167,-1.0427605469762624,-0.3084116011660114,-0.12669810461164535,0.7394478608450473,-0.3239438660648318,2.268353108461376,0.029392740439500253,0.21781257223851413,0.8534066703743267,-0.9544197889543979,-0.6705445324636534,0.912108341829099,-0.5179973093816609,1.4220160535221928,0.22529810649823753,1.1329084221179357,0.8849586972627818,2.3456243699688755,0.19707891902786812,1.213558640936506,-0.25602555494090234
291,"Non-estrus, Day",0.8951650194654597,-0.008038976735996888,2.3664603391369923,-0.397542943295387,1.7165118322374178,0.30030546356377913,1.8607527707612805,0.16858875912468924,2.1507138592032105,0.19758488189086112,-0.9958190338531573,0.5784441993072065,1.375936071179024,0.19228852023028362,2.1778561096715183,-0.1821790184028458,2.2864222313719686,-0.03839024218869201,1.3285172295043026,-0.26037753719042844,2.0090553555008395,-0.09711897047137087,1.5155929084614959,0.2631969681939755,1.8853668882683452,-0.7210661013315629,0.1403573934090096,0.335270516639481,1.8057108494351746,0.7605305741094122,-0.4866427990633995,-0.6873507419439935,0.5176668846544561,-0.061659983080432974,0.20076855175733543,-1.0238708159809182,2.1517104659145114,0.7201404568036639,0.47195281564060515,1.025571365793764,-0.4285369542764519,-0.2695136681863289,0.8006071596387893,-0.5968941069758511,0.6435722795121798,0.6169281878254267,0.45705638750991306,1.0027889940345251,1.705277782520792,0.13725806829927484,2.0234059849971944,0.2820595372088544
292,"Non-estrus, Day",0.7597733034661952,0.18585008967836417,1.670017140309003,0.012415311467499237,1.2906440475849141,0.6362247508494823,1.846593182219614,0.06907742313465777,1.8629972162138122,0.07678232742508281,0.6500755980797155,0.22560247594776073,0.09841422225184338,0.3535815807938631,2.0133806201165,-0.10963824444931101,2.124597196027524,0.027932156329730343,1.0553867331055518,-0.2185165499778487,1.1338775687047327,0.02941379501283575,1.2877948690966754,-0.058343337592311015,1.1818233407012173,-0.26213774617212854,-1.4292402682963325,0.23008540921169043,1.8124224911247635,0.7629655155520946,0.9521618056232798,-0.1682064481511883,1.9600828507226602,-0.44709235033292666,1.070295862160958,-0.0100530736314435,0.48708960990671823,-0.09733981926927898,0.41979596432714045,0.7932707176789124,0.17456011757862194,-0.667384979715529,1.2927213992356672,-1.0399328982949472,1.6825304538596397,0.23312050051872998,0.6076085867796808,0.22324471121862943,-0.38168154438782687,0.31154993389550506,2.025589875609378,0.03406031253825291
293,"Non-estrus, Day",1.1154009219688767,0.33415277110579994,1.2999028069016925,0.2864709387183881,1.2004500385807413,0.18268514655770976,1.7573947194200172,0.17783217402573878,0.10381016176877414,-0.4416059854723316,1.069406438987902,0.21308800818475976,1.7072696096739723,-0.1387398709742588,2.002083205221286,-0.003449149415716686,1.78110622907478,-0.10176415743735324,1.4475918034086326,-0.41337598832375916,-0.5914728772431398,0.2049702158191267,1.3322968216026234,0.12073558072323097,0.24546703244829254,-0.33752318610884824,-0.2156801232075348,0.012364505775822439,1.6436707158313684,0.5180884758639124,-0.6194114485994759,-0.5045919077658879,1.0848772741765558,-0.35009208970152517,0.10738587429706402,-0.6794491913832699,-0.29623247879728537,-0.22535935124028858,0.6278003708351507,0.8781126376601037,0.39120596276886105,-0.884030824905768,1.0096091918935464,-0.4634749662848257,1.911535442591382,0.10945534130376579,1.2983352957675907,0.39807790480969135,1.3984277291980916,-0.03206702014019197,0.5778161072154693,-0.32666444821191315
294,"Non-estrus, Day",0.697599874074007,0.7537818612011377,0.7938604670356898,-0.10719150442996264,1.4483249260845623,0.4697848426437147,1.5922312148264774,0.08387486140726341,-0.47297919196081023,0.013382129965867398,-0.7381842068067686,0.3261003366514346,1.673537663291335,-0.14711825066983444,1.9358858883305756,0.02833985286390135,-0.2216857608963494,0.39894106377895955,1.2906255073163686,-0.3529622658832599,1.1601182545147855,-1.3854028049137033,1.594584227442238,0.40006703500311636,1.7060373569547296,-0.025881402355463892,-0.06978210801915029,0.12380575498120575,0.9802137386142732,0.2994083243242275,-0.2771837870057831,-0.7176782590343378,0.9473418897830095,-0.03573336211421482,1.7098211836706616,0.2860116897849362,0.4016420766859823,0.039295404099503,0.7193134753341206,0.7962593946251827,0.14385969454153563,-0.9044294227989532,1.0239844914462541,-0.7512706205280855,1.8012702956446183,-0.10408392996383965,0.9005184001974745,0.8919135033990313,1.7086191366463852,-0.16974452487800432,-1.305557406688337,-0.44628071677312703
295,"Non-estrus, Day",0.928240586548317,0.4030997108958377,-1.3759974631630998,0.16009522108622612,1.6345987526314993,0.41658089047836966,-1.1635007351392774,0.2575656492956472,1.2199712531219256,0.0314360315874538,-0.26241331791974765,0.26655197982624973,1.3664572119495442,-0.20224763305894822,1.6458144396088528,0.21545517271027845,-0.8828438092994951,0.15964567925108963,1.3672512855949053,-0.38848796213436554,1.1116153337503911,-0.6914097461369875,0.6875436951955115,-0.20373146874389636,0.5168097202847652,-0.5056948404128245,-0.7838215818072013,0.4514208220638837,0.9267990615195147,0.16074475564130017,0.3567666799980733,-0.4559712512018343,1.551831134505319,0.17176479357818353,1.6694133971586442,-0.12036349570084523,1.7446136431349473,0.6183714186997127,0.40939807052852495,0.6857166188638185,1.5676584778758391,-0.7380683413566194,1.012144521839928,-0.6180334893924744,2.006579007784317,-0.2646292965352099,1.1129984121591352,0.8067626410932797,-0.5133410084875457,0.5535202416466951,1.9124941537852471,0.1836231443600612
296,"Non-estrus, Day",1.216569065081078,0.1019749369597638,-1.717130642664884,-0.15900608679695555,1.4830540404203945,0.4694180756165398,-0.13670275155551886,0.01974166340226663,1.6468014667413378,0.5585358700731387,0.3011626998720085,0.48486292198113956,0.38179435377991977,-0.04728025754668514,1.8132238242612393,0.0835293625005702,1.1487232802599339,-0.037405602566788626,1.2253513563113576,0.5052825153496474,0.8649259839817302,-0.6232339369286488,0.12767238145150928,-0.4564548262206455,0.20911663498147778,-1.0732914912078146,1.9398092893448167,-0.2905038085359509,1.0068119726036606,0.3134615709227103,1.0693533343261432,-0.6436609667885952,1.7091565220782714,-0.18277492512998422,-1.5671752479870231,0.029662587945177753,1.7136839155496313,0.18158617355974643,1.2724446082258392,0.4482732144042892,1.8838796917098906,-0.4304576082398363,-0.8874387606616049,0.6539006388194385,1.9534433582746653,-0.6374752670806602,1.2009094739276505,0.4941121512435691,0.7265431015077121,-0.09987788293493727,-0.9102586748409623,-0.6592438986321151
297,"Non-estrus, Day",-0.6874270982963311,0.17366346806410538,-0.5236034990865837,-0.12372590831092174,-0.7366618730629907,0.2460384726053664,-0.3007954501728687,0.24158652528976438,-0.7145186358835056,-0.34114997279405707,0.8906816833742052,0.29304809517360786,-0.6183575255893734,0.33403291684684727,1.7504845378402623,-0.013945065986315945,-1.3615482511370047,0.22306339370579042,-0.8005220679152316,0.40536836360123596,-0.7231353748363769,0.8128747195439576,1.2069405258222448,-0.11292143952133894,0.7686431503729008,-0.5195692738050404,-0.048611049556455815,0.586288470072339,-1.6568557150775083,-0.023966295795624915,0.7236352218485274,-0.5173442202398862,0.38510246016840205,0.3353785984372457,-0.5171343651120617,0.2801582770242048,0.653726297389377,-0.23286242058351722,0.704705812285302,0.8393382283048981,1.6669559397275673,0.1044981166978141,0.2835977884061001,-0.4038564920431603,0.6507239807441764,-0.012044770323083983,1.6667716066728773,-0.10777647744554565,1.3235956790991448,-0.3843830701805302,0.5664791078971628,-0.13839443371969057
298,"Non-estrus, Day",-0.18999762286644578,0.530843721354854,-1.342332920978586,0.10038659307761326,-1.4850985786170783,0.17887475821552876,0.0771545933530305,-0.29617505998366106,-0.638526174942381,-0.12611292631328783,1.472178404965362,0.2547570510190747,-0.40490536756419193,0.10379765784844629,0.5715149869667798,0.1403018653758127,0.3475516103833455,0.14449635604425745,-0.4821416981995825,0.032840266770076516,1.7235918492522293,0.005507137833064674,1.3815724274818233,0.45656425100437653,-0.4568530648857253,-0.35074412779053304,0.7893096822072272,0.06581746596770505,-0.7281821332363437,0.36954952848368267,-0.6687073251214771,-0.5538877842878891,-1.4636657299105575,-0.19825102649368934,-0.6362879122853914,-0.0585301322556551,1.7739166424916761,0.49472248063874286,0.8149973652982204,0.6891361950326089,-0.8319315190311978,-0.23715640521279838,0.3260257252250683,0.49205290174252414,1.0404610658070361,-0.06946267035153068,-1.4945599930080327,0.1462062050921004,-1.1209605949974426,0.12115370773136099,-0.8830231591616832,-0.5568185787640971
299,"Non-estrus, Day",-0.010673635903956001,-0.21669671625434175,-0.9650539193471734,-0.08781911016844887,-1.200305512094356,-0.03180344156302188,-1.2696716471728813,-0.062223838663149206,-0.45525389988469167,-0.30938520137097714,0.7470643304062256,0.2317875492382755,-0.5808072230053075,-0.4508230999806558,-0.493060675848251,0.1944021014481339,-1.3707054255393358,0.15568535392700714,-0.6779987558607002,-0.1297867243637398,-0.7298343885867207,0.8720777158120556,2.055209913754447,0.9874578315897808,-0.36906638373955414,0.41679034002625165,1.4782114023031931,-0.09344736121020542,0.10687015383375645,0.04162446174726113,-0.4168151156838892,-0.02954351553396521,0.5581510703539548,-0.23909856540160912,-1.5855857157006645,-0.11338811738989017,0.4378671131211056,-0.09529029183578701,0.4250810034191272,0.8950067753334114,-0.8795262539272585,0.3269005079867854,-0.1857575980461214,-0.11161550539045709,0.18162643954413252,0.37141854457233625,0.6618418092108689,-0.5236451695866338,-0.4263226810345845,-0.008141132517719633,-1.815900304340966,0.02219253606735355
300,"Non-estrus, Night",-1.1646864562432553,0.09276060746691535,-1.3845950650320138,0.05707531228044251,-1.4976819541099897,-0.031897123797891815,-1.6568755720964157,-0.13612051889640178,-1.6360621043674861,0.17834162062189934,1.4384405673856502,-0.06511789817406459,-1.204164499337109,0.17131358718945647,-1.1261134457023767,0.33471705347320946,-1.6220035784490934,-0.1490614622791656,-1.2552613694171266,0.29677558842539736,-1.1968934118529142,0.22049306449422512,-1.1607480034967563,-0.2925802503213219,-1.6310824700975362,-0.0468123118931697,-1.3845967734914875,-0.06718823535324583,-1.6454836514112574,0.1028766745368821,0.41663780455867344,-0.21590126791025804,1.294023847907452,-0.11307167354937983,-0.08739458659633474,0.28903487706452446,-1.2834475770621816,-0.1364380310636493,0.43853513494755475,0.4588066013123378,0.021013912575751515,0.14713286163910613,-1.1845483209018783,0.0322292500996117,-1.0267092067511798,0.5484942894321525,-1.125525128155664,0.35154408909739226,-1.117935958835494,-0.0595939543134889,-1.6193046148523038,0.09302231989499225
301,"Non-estrus, Night",-1.707977161690384,-0.001326067650514874,-1.56294109902552,-0.022651867801222015,0.5715813564475428,-0.24593056544539169,0.3859562640429631,-0.4943614761561852,-1.6251503518604287,0.09413354772710562,-0.7983966324390019,0.4401042335882623,-1.375037658654397,-0.16435775559373392,-0.6506611267099813,0.38210982759455414,0.05098053102841108,-0.06140288378997272,-1.3737125288328025,0.304321764592406,-1.585072152584723,-0.030023699754616683,-0.7481884350572519,0.20484447597701855,-1.7563491826526811,0.2864605166549123,-1.8317455875298025,-0.26518812612986026,-1.934563030097077,0.260855028326821,-0.09805224756892537,-0.32747714004808326,-1.2091753440257553,0.07651124478838502,-1.571693970399901,0.01980463056604749,-0.41430561380418324,0.13961911271600702,0.4157224832155272,0.6252461406019918,-1.91590813791703,0.4132638060971813,-1.6967726822702482,-0.08577846115204008,-0.745641354496594,-0.3108478694306475,-2.05206115621348,-0.22899604762455675,-1.7919241650762308,-0.22121038873262114,-2.0683370559469716,0.1881887306418272
302,"Non-estrus, Night",-0.8778835053435551,-0.20379190183530074,-0.7978899795045098,0.16747231614862657,1.4934484547623381,-0.7500593239293386,-1.1980892807470833,0.05350636678718859,-0.8181357466794721,-0.007942917254152157,-1.3394181070918965,0.2791910990860462,-0.32706559687065945,-0.403079203178385,-0.4755225044244386,0.02498347881132026,-1.667916181599531,-0.06421572843658808,-1.37668235561118,0.115817399703262,-0.5656844488510256,-0.12657669899986537,-0.9586044474181518,-0.4597244104484708,-0.6617211237798926,0.5214075512089752,-1.0674312347402244,0.07769347348301124,-0.4045030841730565,0.28266535384473845,1.778530039885097,0.06910535747017552,-1.8477411869713813,-0.4919476611583422,-1.5935432909578502,0.03833625578737928,-1.828016190823712,0.28768895882012624,1.1139514645330553,0.6568451135817757,-0.6470672633277501,0.4437330432399231,-1.312406735147961,0.08665898609546999,-1.3413407626046467,0.10312208683208743,0.2705755318121487,-0.5056689948676619,-1.5028833058051663,-0.12324403819312908,-0.011668716228185579,0.5869724640999852
303,"Non-estrus, Night",-1.76575385137607,0.056755295735259774,-0.6654245032610417,0.43107988535996916,-1.090588627664839,0.08823576091443835,-1.760538664241053,-0.1999081435350026,-1.2643450759557806,-0.042471218756231784,-1.1299277409588644,0.008266757528637236,-1.2235429247875302,0.28345678892816834,-1.138397851829285,0.3152812945680255,0.048701844360729864,-0.26793181948324035,-0.03475535590116272,-0.4765223896967235,-1.5537177786203307,0.09798695557015671,-0.2104288642191495,0.28490032932547965,-1.5338544800812732,-0.1540245954770933,-1.6111409769419718,-0.18108531924391846,-1.9194430189576548,0.3412659965688932,1.2440969737345455,-0.5504016718661177,-0.05432702863465637,0.06994945929410566,0.09196274237856211,0.061443320808885336,-1.5147638177203098,0.06978620461994661,1.666223997068962,0.2982782240881981,-1.3886051479593635,-0.2649005043649351,-1.4235823028710124,0.20964218047182254,-1.0412453568230096,-0.1845660872974522,-1.677808334775255,-0.12385114166978366,-1.594896741554309,-0.024182965210699334,-1.9058094948943294,0.03916750662536196
304,"Non-estrus, Night",0.35709183293248725,-0.49123203286669814,-1.580358194666834,0.011338737000870522,-1.7721816612266157,-0.13504635131866097,-1.7022105230473665,-0.11736989706979453,-1.614654879172388,0.29274816555701844,-1.3282789669438637,0.003581499535058187,-1.6940072560402488,-0.1252082235248368,-0.962441588848394,0.21539966467258342,-1.1912399766133301,0.3905083469814427,-1.5118544712028175,0.16617982222239094,-1.8137766736751786,-0.4857240331308158,-1.60538193404423,-0.15381060613222064,-1.4707769544721754,0.30374519336012223,-0.17747130515896417,-0.12833680724119015,0.4676245224637488,0.36788011505227197,0.19676411511364986,-0.4598254026440629,-1.6391073688849152,-0.26810992902392167,1.442583080680795,-0.2728563460429095,-1.4788302129137951,0.22756287821682136,0.017714539866367625,0.8526812670464117,-1.59079408650782,0.2159061882683167,-0.9073205519930838,-0.1988749771947304,-1.969354927659618,-0.1887018437316313,-0.015597884118852458,-0.7980430540125678,-1.4879940681282506,-0.1436488180526182,-0.15426035146844538,0.07045485197481668
305,"Non-estrus, Night",1.0958790162741703,-0.0512366706040455,-1.4121470348350493,0.038965573171093754,-1.2367548201710175,0.27651267316161926,-1.7131803193405384,-0.08134360665942407,-1.448221010959878,0.012058268504801765,-1.0754687583547076,0.10812756965079164,-1.817996188111578,-0.26028934102175544,-1.5304485851490433,0.10303600253061783,-0.1267968859229235,-0.22104593283716656,-1.6557127636166191,-0.18675097209234895,-2.159656574903925,-0.5753183398434001,-1.6913426856825173,0.12845110540770865,-0.6169954321638946,0.05567748082327349,-1.4548137050023886,0.01632501982924301,-1.8732407039526482,0.21782586844693386,-0.11548079742944771,-0.34059814746880107,-0.7551814669855657,0.44941758023948686,-1.944313371844018,0.20552719471405534,-1.4776869877554786,0.23043437385443008,-0.12843394220458315,0.5000758493154445,-1.295503739431998,0.0646816067192667,-0.998033094802472,0.6737238430630497,-1.707517823452087,-0.13670897085687547,-1.829903731043022,-0.3453937419332802,-1.4750746168092415,-0.07352871762288371,-1.9040596921272719,0.361569792726548
306,"Non-estrus, Night",-0.8212872084521574,0.2024111516927852,0.23194190519336913,-0.5799334430541291,0.7853296011129534,-0.17669477345118526,-0.8212623343802649,-0.4113238759912512,-1.7592874469053115,0.30048907609519904,-0.663390277526633,0.28158248138427366,-1.0196959139213746,-0.07998225482868504,-1.6089088596526933,-0.08678105094903309,1.8887089318960255,0.4964209192117022,-1.567634520962383,-0.5458940414513778,-1.1297671121974353,-0.2586350744476018,-1.636251764033518,-0.01033402395129324,-1.854271226885837,0.16306405347158337,-1.7414881720113808,0.031809885286569105,-1.898600259252532,0.5206317787590303,-2.0061805202689253,0.022623711308666795,-1.371428826941232,-0.13557728972871894,-0.5361271965123534,0.32901036645405235,-1.2602327315765827,0.05413100583376716,-0.30825767515128827,0.12827065128858153,-1.880738521415229,0.3318844157471702,-1.3559438639491286,-0.04876322656748907,-1.5152255483959596,0.032511425361616615,-1.2028959267609496,0.3808243537712627,-0.33218557977196733,-0.02475422421416689,0.03401812011344624,0.2742433280081985
307,"Non-estrus, Night",-1.8825742248418638,0.021238819161718728,1.7930749665423578,-0.8023328460682321,-1.790260658445141,-0.0994492946878818,-1.5529170197728697,-0.009375985140834809,-1.5319940485346513,0.19607480308044964,-0.6081287458777184,0.12461685644905947,-1.566217153629657,0.039027630998406795,-1.1058084896031777,-0.23854027102444236,1.7334753489634545,0.05867297314093732,-0.6613119063182987,-0.35817161546018633,-1.9519056483780544,-0.26358868639954375,-1.369647345533676,0.24348735821833456,-1.9740632437250976,0.18966933034600802,-0.032684908025528314,-0.10414909104825845,-1.6268526752947194,0.21331414928683146,-0.43572200557585733,0.03518771027986322,-0.9854965731240304,-0.31303451757736994,-1.5766496095537146,-0.02832285566601599,-1.369478286793835,-0.02832635695440726,-1.0169559233293068,0.28152686528351917,-1.2952019667195913,0.20029093356041897,-1.2851937432052631,-0.2017977455515349,-1.7137995425385804,-0.09904425406215946,-1.4460725238090928,-0.17114427532932075,-1.6390945271163289,-0.08907034725957742,-1.7480740737661336,0.03000179289511115
308,"Non-estrus, Night",-0.8679358691172143,-0.17961608365281587,0.5059477170800818,-0.5451308087408191,-1.7352883666061725,-0.03415468480096986,-1.741350931737839,-0.19923402094530596,-1.033913258299315,0.1873547401397055,-0.7574754820695433,-0.12609210378294647,-0.7787201216501273,-0.10521891277158708,-1.3533718608483982,0.1442370240440321,0.6821184986872597,-0.03633458029583096,-1.78457593778694,-0.21315477447015702,-0.8242461450992058,-0.18303889785815755,-1.810875203161969,0.0866820589369739,-0.5515759630967085,0.10174928992830148,-1.5530832992801715,-0.09122139605934787,-1.603432928258225,0.6512887069226616,-0.5188831591337651,-0.25796613721750555,-1.1547166416540788,0.24330997873661114,-0.046399247968528685,0.42872628938257096,-1.598293542155242,0.2486655479581017,-0.11500269160161841,0.28073702539976314,-0.7209520045009229,0.3151102460782932,-0.6388939257244433,-0.4654566617987785,-1.758201584955766,-0.10719048687734736,-1.2990879212341417,-0.43960276808596593,-1.5500163368224638,-0.32737459549305575,0.5295837332532488,0.16862768164775951
309,"Non-estrus, Night",-1.3141259486238748,0.22178696194226247,-1.70968138843338,-0.1211318669969046,-1.8421485642188669,-0.03779170193423279,-1.1339455549944182,-0.1557816846443927,-1.672064567032694,0.24775858228739836,-0.6372856606299154,0.28340239877136475,-1.4404991508224914,0.1159274290314352,-0.722860022085555,-0.2080513332932455,-1.3323427533566057,0.29235538895850094,-0.2291933037508869,-0.5851159990175858,-1.1582253879756943,0.4202548906387466,-0.864147061099959,0.25080431011681464,0.3716951700026964,0.05376789292717454,-0.031592246370816826,-0.011613473515582314,-1.5750240011280452,0.09949196722365569,1.0044852868897638,0.09052010835495505,-1.3247926543875448,-0.07964983636794853,-1.5892925170259051,0.17300338167038304,-0.7919072901499598,-0.010714995602376211,-1.0556221359904554,0.16493327984873712,-1.5118225287523732,0.10975241060215805,-1.2610093846164387,-0.2754265407510692,-1.1096773531060653,-0.24750477909535673,-1.465723924111564,-0.8369026985206326,-1.165297640284951,-0.24204653047125507,-1.7716617117646971,-0.1611613279815368
310,"Non-estrus, Night",-1.4950999673379246,0.03471515096129396,-1.6632033966658493,-0.2068451049409913,-0.9150569573641273,-0.04383764661355677,-0.601448330322499,-0.02061501119333127,-0.6338049433076233,-0.016578129108339067,-0.9776415801055885,0.26191514242209407,-0.6588653654327574,-0.1295625670868814,-1.0307015807424118,0.2758640227875209,0.4820785865469311,-0.2965042386446264,-1.3236601361643563,-0.0014644718023338389,0.4078321115176576,-0.7683916286387642,-1.2561066057458141,-0.46960825134663564,-1.4743832779562036,0.13761852619391426,-1.0022272499683529,-0.24540378916893865,-0.7347002299385825,0.1677287871730876,-1.4578283543647133,0.06304483118835665,-0.5172505215102523,-0.35580891035315837,0.13022174170563974,0.2344109245797769,-1.129197605792652,0.06361110790721727,-1.1593483240918174,0.2312304505262121,0.2896837915894998,0.12673660228690112,-1.0631593307817768,-0.022741840095660732,-1.7449323200772247,-0.2367471386127367,-0.9175530952229253,-0.14239668978384976,-0.8202395915280938,0.11153076389783777,1.015970765238741,0.641190579230821
311,"Non-estrus, Night",-1.286746738325217,0.2227424057509382,0.2027838828619671,-0.7182016867348022,-0.25141093583655366,0.025242855352489428,-0.8310479423061685,0.2710147020804687,-1.2512227494294017,0.0672855800733003,0.017647803091084702,0.247805711218632,-1.1023552764574391,0.24618464546412297,-0.531337176173153,0.11117424080264413,-0.775922733422711,0.24938682763974046,0.3273140264264004,0.20815555516672427,3.2530073261805166,0.026451385573296297,-0.889398473309887,-0.13024161328363285,-0.10670126794836038,-0.3198287202288378,0.32168835064441087,0.2661272903830659,-1.9936806126704518,0.4429433396785024,0.760287264328192,0.14031185730863446,0.014078525796814734,0.2456270739528082,0.9088570425918666,0.205574769769064,-0.6680871129940054,0.17359464832892615,-1.2121075414178972,0.06613437114982912,-1.0723001577105271,0.02495800939510045,-0.13553695023810486,-0.4407913328827405,-0.7666265536424163,0.08016476780986903,-1.0033081146628007,-0.5158615543488902,-0.945033548060324,0.13643212312346367,-1.5151895394006782,-0.1110396496243418
312,"Estrus, Day",1.4147910587914878,-0.7933404825306307,0.7134399563610142,-0.25068248486636957,1.253277994353279,0.40273465470692665,0.9790663541382005,0.027542421963988043,-0.4225467963703669,0.12894434231235624,0.07053682968554022,0.38833082734782737,0.5967942781966854,-0.1542580411540621,-0.6467423747573449,0.043785268015443676,0.8951777335234823,-0.5219257299770339,-0.17399423703948352,0.0446863013950713,3.050077354402074,0.08571240907860035,-0.2683960226733884,-0.1714714614199328,-0.25464826788201034,-0.49969935910005614,0.03416284760239182,-0.3527132701878111,0.40397448376734,0.8177192193334462,-0.47890642353368845,0.3750156075928355,0.4520667252854342,0.2671969609057973,1.9971991547389818,-0.06882608646126956,0.48738879221159565,0.4784734326411057,-0.06392112490224178,0.2721080077660958,0.35688749836587597,-0.06006887209660685,0.5771096422190746,-0.3328078729354144,-0.012087327402250273,0.07662797509917153,-0.37279554578642354,-0.009361849750601453,0.18041819073427892,0.30529428317274293,0.06649367940689868,-0.28266128185506
313,"Estrus, Day",0.9691661824618056,0.16352686253105295,0.6486868382345077,-0.2995762866995796,1.4795184702749795,0.20782455427254537,1.7765100874036504,0.06735227261475515,1.3389058898882842,-0.3185640122896692,1.2649141722666577,0.3082893739237529,2.246304659126781,-0.19075984491357997,1.5530090702331385,-0.14603673676349388,1.6361256743818369,-0.017679012288517464,1.5658867720019216,-0.41000166647072106,2.956793658695056,0.07151112539371224,1.296805584619142,-0.33517551778678545,1.4225974847949676,-0.23999215965080684,2.1815131951637343,-0.3920423023169301,0.49828321116690677,0.43275240573060886,1.7229428310269432,-0.2266273424059327,2.2471589927393123,0.18038253397958628,2.2571466032096623,-0.14740618986353626,2.474841834654556,0.2926263473695649,0.9087313265220118,0.1932469486474225,0.43586953409059304,-0.6324081992007421,1.951329650998229,-0.45394350313283355,2.201134992405888,-0.13489430483842316,0.8661075313237898,0.1791522669242024,2.692571439204258,0.22151169008575514,1.6717771208255652,-0.010563875245150255
314,"Estrus, Day",0.13858193101182362,0.030123526932141684,0.47652319920229047,-0.34794178997012326,1.690395405902195,0.18728807187471824,1.985911956825399,-0.05649083640679639,1.8427872217149783,-0.07762538252921959,0.2995386281244808,0.5296965362520282,1.495276225807752,0.03938216365514233,1.9516011934605226,-0.07742846316224193,1.5998102514664594,0.7553710375703911,1.6921335124134043,-0.39729098669418483,2.014209695262797,0.023730009100739653,1.6017333630829822,-0.1044603669066103,2.2584730766459407,0.03738098129241746,2.162652501360455,-0.12332152618516054,1.4631459622550818,0.5593819084267438,2.293631012693499,0.19832232004793027,0.3097213010374574,0.247327510933006,2.809121730498436,0.027193961566881683,2.2235915349761375,0.48064479451216213,0.6658299071283587,0.6466316652051972,-1.0295011052541805,-0.35354145895853634,1.995369179431846,-0.38322766002966385,1.366147067082954,0.49792872827103984,1.3183522033516937,0.5892325650975567,2.0647777322185172,0.30081536891557914,1.9881703627567762,-0.38908626754277426
315,"Estrus, Day",1.567392357385407,-0.2403174917423653,0.9742577349280107,-0.4147650875152862,1.6955311180690362,0.40112810236112734,2.0447123647749934,0.04788153440683882,1.9579095268158537,0.012050854629755805,0.5485310091273028,0.5073337966472824,0.7112422886890701,0.16460310075275858,1.882315517713876,0.05045887340641676,1.7332798733156232,0.2455478190305588,1.2600863090522212,-0.25196578414350634,1.3563610137421207,0.14645402402071747,1.7087462767310007,-0.4366867849379083,2.1926951543410147,0.05157338683109531,1.672691309887977,0.04669687693984606,1.796810380095902,0.707437535552183,-0.05763595531673446,-0.2748561442164972,-0.18945198870574295,0.17555313831562486,3.2539242148099325,0.4460981632214265,2.3750937122641287,0.47573849342388325,-0.3487974868184613,0.2402425964136218,-0.24141793482097526,-0.6251624510882181,2.0146969730087827,-0.6128788033685494,1.4223277484986567,0.4266647456312348,0.819912570709615,0.6079265764951065,1.418405786354396,0.09135901945040349,1.827184315758579,-0.4428509794197882
316,"Estrus, Day",1.4131267969946675,-0.06411542494596133,0.6080226598562511,-0.25316211534716765,1.5343153621674375,0.8055753754868151,2.2950629956390207,-0.030740441653929296,1.9372967907280731,0.08655794394381348,0.6934693043541286,0.3291800027460313,1.5134328396047916,0.14755652809279388,1.7575183033065502,0.14326710782375374,1.92729177638411,0.3966099033787121,0.7491114764515009,0.2893448232869852,0.43986842905314866,-1.0116792640692074,1.3987673693773874,-0.5101795201828514,2.0661929534324264,0.16143509846024848,0.4035549306858656,0.10282072785316596,1.8209526802865725,0.862161749948141,1.3482338033012382,-0.1713000498931932,1.0374297454996215,0.37025804104322024,3.138531676236544,0.4719129277061479,0.8825150383385305,-0.2719556039252064,0.5050665864281665,0.33406177416675775,0.7504532860890033,-0.5066399886456218,1.6540986029780567,-0.3851162331874818,1.1560280256578466,0.6910182360560287,0.9523194365621604,0.3819362645839764,-0.08499848011930632,0.7141150507732408,1.9445712504475057,-0.4900049615205958
317,"Estrus, Day",0.8969261285530665,0.18275369262609872,0.3273088422921263,-0.2569038325631417,1.6599251528648165,0.5212923928052917,2.0184955650584278,-0.039572590408281184,2.129707115938757,0.1726400566830174,1.2001453868098317,0.12526466042004872,1.5228513207261845,0.3645573364645057,1.8766719659161328,0.019274775971975584,1.4957984394364183,0.4547444998428228,0.2708955196853628,0.5643437078063458,1.5070840176065707,0.04967836803813054,1.1366828931459128,0.022769846455540376,1.7556007388417767,-0.05048405032335851,-0.7327895061998178,0.27185761763118205,1.7387646384981377,0.7075549173122325,1.56997314895598,0.06659257991072402,1.1173814894028309,0.20356851261295286,2.0392908257739073,-0.1993896331393233,-0.03897243963491091,-0.111257716779585,-1.1969333423692323,0.3171147761239049,1.6736306250196944,-0.5939640653219268,1.668356286585624,-0.47427854837692224,1.4008918557813452,0.4206101054723467,-0.4807035980071321,0.10471312508646809,1.7569323112878095,-0.02041743797721369,0.4935758905315296,-0.1681393778290009
318,"Estrus, Day",2.8134784516206928,-0.9191011564311722,0.25571147161369423,-0.4690855269031354,1.3550282230420863,0.7129957079641864,2.051432786445467,-0.10489991394683067,2.12945132958321,0.10998081799378376,1.5777130337483285,0.04986986867898693,1.4912894977689104,0.2743653905434014,1.770609154307154,0.16350931160263288,1.369883146644878,0.6056169276934319,1.4156773913649858,0.554380767662245,0.8973862839825595,-0.15289139258306297,1.7390852794287575,0.1628524187962006,2.5421799523015656,0.8802352298545375,1.9738447366431082,-0.3624891796468938,1.374359094888643,0.32803836616370624,0.2970372936266486,-0.49344500163435573,1.6084587120050933,-0.0756859098811236,0.6977297966575224,0.39679584368370385,0.99037371023459,-0.05060717055540246,0.3742146231259231,0.23053499352539872,1.8137400500922467,-0.5519526169927105,1.3035534177778416,-0.10135793624500791,1.2677674472170843,0.3160508802308716,1.0032694400211717,0.41552446704405527,1.6805744955661912,0.14541472870615485,-1.1880784533540398,0.10480401318332737
319,"Estrus, Day",3.007833976200546,-1.0345461926906692,-0.509508933281612,-0.30896732381711933,1.7855444539708398,0.06586193468767139,0.006018804135552643,0.04416525749301988,2.1685405590527824,0.14634368304099754,0.7013493919355934,0.8174747980179373,1.5771869433804522,0.17961867350962774,1.843162061473219,0.24014870607056946,1.551646600907794,0.2691192360643229,1.8537304110380017,0.17275881299515924,1.6235722642238932,-1.6468709054074535,2.704408173042988,0.16838233461799842,2.2549222920804786,0.6732703584764073,1.9407963957514376,-0.4299942865215655,2.234458222759526,0.8368778470893459,1.6497950116088629,0.35891986959294875,1.622210392656296,-0.049264300856625726,1.089494630360732,0.1111972607522486,0.7448668285381533,-0.4093157686457037,-0.05980358574920402,0.2974784667664881,1.4143986689563728,-0.8172165126737385,1.6287011567658556,-0.2608299137538613,1.5945730713357837,0.11769659556911788,1.328222541567652,0.21094263812309808,0.37403545120513615,0.3151392454368014,0.7198690819701663,-0.7955707792420886
320,"Estrus, Day",2.569208108927031,-0.5231033110983404,-1.3168700954655967,0.08912963255959759,1.64752268035822,0.26115428714805866,0.2676888041081701,0.0709505068696375,2.1506256880351398,0.18689418241367733,1.1974878747124107,0.3242757399025712,0.8700451676380565,0.06194732324141971,1.9774753878829052,0.1558349618301248,0.6189100627457276,0.6907336482167744,1.8347625753992585,0.20640524935797622,2.130501611892473,-1.0110665159250323,2.7987323139910543,0.3191648860244551,1.8176017621706795,0.276902375486516,0.32525374299265886,0.23126013605796628,1.3272514730942215,0.1474976966660554,1.114549659295147,0.2206863454793241,2.040648786697183,-0.6393522053300236,-0.011226791365973153,0.3559532856316861,1.58959582351769,0.18222160111698898,0.2782196991376062,-0.13638081211896438,1.8355434689358539,0.2158874525698586,-0.10704411217501031,0.3598326131157302,0.5971700504619809,0.2607035858127011,1.3526494809948562,-0.07962309771604262,0.5470867348829923,-0.050956014631116486,-1.6950311724797027,-0.10948166542285134
321,"Estrus, Day",2.010752261048807,-0.4929516591565174,-0.1186641035940846,-0.4342977720511456,1.3038536351532575,-0.3199280731595972,0.08398444767498098,0.42271671408893063,2.215132011797053,0.12023208452271313,0.6402459518823936,0.736310084456785,0.6126959738246727,0.08982575465748165,1.8892947077831457,0.2208975555505506,0.36111216092843235,0.8643428144348296,1.942465171821262,0.14795751314347266,1.6755136446126526,-1.157094724995438,1.7563826773842022,0.3434886143041873,1.092064432174518,-0.42864237254872734,0.4528674098362872,-0.13014722201099935,1.0567713663787686,0.17610149388368168,1.051405463174928,0.4296352468054621,1.1041336806029929,-0.024223416641348087,-1.1838767662411225,-0.07273768863378993,1.948516347817538,0.4616416833692427,-0.6581087555679576,0.5472660032374103,-1.4081327716049215,-0.09315244921939138,1.3297202587931096,-0.18914582885719897,-0.49916221046236237,0.1883232809205387,1.2501375452353827,-0.63602211673332,-0.17660280989673846,0.5835655981970169,0.4315203612048931,0.10731627666922902
322,"Estrus, Day",0.4806973108347832,0.17914215163599978,-0.8834663634539965,-0.0828185365685105,-1.5273320541767774,-0.04503151498797056,0.38421632607111517,0.1945986480300889,1.091832013443176,-0.39054470694411936,0.6494805765630509,0.5639373910654514,-0.18085446581648473,0.3896478783958668,1.9241383757158264,0.16992499014392756,1.3137728626289475,0.5332811566053757,0.033630134226658955,0.7161470179381294,2.3782813916883168,-1.1118351446711694,1.9793640301135356,0.5785428346786854,0.2374028550435724,-0.817025344591572,-0.3358590161536547,0.287113161404101,-0.4410265673305984,-0.13305888453777345,0.9084015504820893,0.021358512195921185,-1.2527692002454116,-0.017762324924451553,0.036941231423939756,1.1659624565801188,1.1892606226928153,-0.1812438294828997,-1.2491916563674437,0.20312179018813983,-1.3427120748585903,0.289933482561021,-0.6544914413342897,0.7401282274642157,1.222751940593525,-0.1048129977289583,0.3490252315570444,-0.03409851536122611,0.03641554057190678,-0.05047247220805966,-0.9704994896445649,0.029041588353708885
323,"Estrus, Day",-0.5241802916363351,0.501550665930914,-1.099474190409248,0.3222625887720913,-0.27485356959637075,0.11741018372963608,0.16372981618554153,0.33441546953833995,0.705454021708311,-0.01778167174578571,1.0530543955580915,0.7732336139834785,0.17551274877546533,0.1898212237903975,0.09225181696126092,0.42521182082028397,0.78309066215027,0.505589055362604,-0.24861536951133686,0.42005565314709126,1.1976836173669652,-0.6317022665277904,1.0793080516882667,0.21253370738173563,-0.17171058055425678,-1.1384293883609364,0.456346890134006,-0.3347335978414034,-0.8710745267055395,0.5226047920998461,0.6678166844185129,-0.3032234314434457,0.5794771448856189,-0.20594722438820307,0.9524864245210013,0.24488777125536224,0.6721216242368813,-0.16895597111455585,0.18016115580457384,0.05065013943561931,-0.46593864015343456,0.4569572924271963,0.39923629885636724,0.04062928687262678,0.38819753969164,0.08359224105623715,0.5426371977810881,-0.11951549376288151,-0.31430161444374605,-0.14804632903156595,-1.566831417504397,-0.1350332589232134
324,"Estrus, Night",-0.7352208072576307,0.44295495698259285,-0.7680320172953332,-0.06600304432168883,-1.258838258477198,0.2399779895883182,-0.010921643485643609,0.5200673412609792,0.3274611641639184,-0.5617798296730249,1.841758835658384,0.36459678260913314,-0.517758107776517,0.7357059390685631,-0.690128599396697,0.4315234537235457,-0.6887031454362791,0.36714850893840956,-1.3563687440888548,0.28012796617722663,0.11182860596774104,-0.6323708462900073,-0.007234819363353228,-1.3015307120465385,0.028118892465947808,-1.0437222011351428,-2.0287463821538547,-0.20641369634163428,-0.40763203561015515,0.08965091144536434,2.0738801733886807,0.17923116606305237,-1.5981236010272992,-0.2296601468409647,-0.7475706633553216,0.7030209047912692,-1.2654305868672115,-0.09624156971770434,-1.27881632540174,0.16944894594482357,0.01559574611249211,0.20783088639785527,-1.6029132023351291,-0.05860976789080189,-1.3636624092627014,0.21813305230281257,-1.984307969963491,-0.19968684930077543,-1.4021399094425133,0.13084577918976664,-1.85330047116742,0.33107007732096105
325,"Estrus, Night",0.4586594883879313,-0.27380632433979346,-0.8357329782029905,0.5188590493787972,-1.0989526244454157,-0.1513481601400657,-0.5038601006559629,0.32761901422543066,-0.48298991775750894,-1.0059892908593184,0.6674077209196473,0.3928662218471269,-0.6375337833813937,0.2958414840395306,-0.907318327239381,0.44522025843660734,-0.03804179633751264,0.10345593950207524,-1.176426687752493,0.20945993745352398,-0.7452664303266467,-0.4701814609658303,1.313175207156182,-0.7608859016691102,-0.5069189096715285,-0.7416512489097558,-2.055666939775243,-0.43212328848033726,-0.13900401639939636,-0.5041889524683546,1.2336446758926836,-0.041436143844018926,-0.5831602930863025,0.8148663273043878,1.2669468932643388,0.688223027505894,-0.6643140680978582,-0.8760131639057275,-1.5706967231372744,-0.03640772859903742,-1.4549328635274752,-0.14149012698432878,-1.2900395671409053,-0.09252822340075872,-1.4701280972246453,-0.3157117246038937,-2.019918203565579,-0.28862261454244176,-1.7405993157025372,-0.2562950305687471,-1.9557325626548896,0.05937663290633331
326,"Estrus, Night",1.1747003449741058,-0.7244763881574512,-1.7756462354262175,-0.3308284478825325,1.2312712926034373,-0.5094428502778481,-1.602433521147963,0.0749751543971925,-1.2520896726605997,-0.31557529166659165,0.0020739973024620456,0.66196550110036,-1.402148616051277,0.32352561034033017,-0.6734842040555952,0.3705245903290872,0.4111896320522023,0.3999769013306043,-1.0239051338932414,0.5364393405811079,-0.9576680300854913,-0.31646078284444307,0.1961499113050571,-1.4060041063304007,-0.9669365398044757,-0.5944748172301856,0.005406423443680121,-0.04750411635743417,-0.8265755168267047,-0.9690869267071612,2.0200637987757015,0.18392557625713704,-0.25507842740149794,1.1429481929891925,-2.1356771445077083,0.29072471660599153,-0.353945494524316,-1.1863817374792698,-1.0155626170954017,-0.09558421052593943,-0.6229888522890277,-1.1039087937941925,-0.7982576733494817,-0.01274718950575484,-1.2575671448657058,0.1044961372937607,-0.8969438628943373,-0.21727736294938962,-1.6528438447591063,-0.48010054201565067,-0.8622045762054413,-1.1678640902012656
327,"Estrus, Night",-1.4040975328520058,0.39402044519164797,-1.5337333452968933,-0.11409483960303995,0.6364908197017621,-0.33172694569114264,-1.6584848522651794,-0.10639907459613684,-1.5245275680245332,0.08297539024682929,-0.8783736426477023,0.6832193125076389,-1.6805079846837039,-0.049909633368578434,-0.9136585481895356,0.37656110613291083,-1.0058348851401848,0.5711412363745512,-0.5341052562367927,0.6067096283303764,-1.2066156830347685,0.307427074672752,0.3728228279878762,-1.310290419738848,-1.8249175229568912,0.20692850237215127,-1.0761998246271391,-0.14179149299225688,-0.8265755168267047,-0.9690869267071612,1.527804573257592,0.0976522256886611,-0.25507842740149794,1.1429481929891925,-0.25618272318375457,1.058751173902657,-0.353945494524316,-1.1863817374792698,-0.33442011204889316,0.20705391247720586,-0.6229888522890277,-1.1039087937941925,-1.7942184925769742,-0.25732514554085634,-1.631646580004024,-0.1113761286722034,-1.4144578676069945,-0.0018753397785444335,-1.3963784349215644,0.1195687624862442,-0.8622045762054413,-1.1678640902012656
328,"Estrus, Night",-1.7559671885304695,0.10516130960468034,0.944021958630909,-0.7806023566729952,-1.462772859415238,0.25694099487626215,-1.3681140248559607,-0.00258847016158624,-1.7126725394071154,0.15686433278970507,-0.5279857907779417,0.3504680086065965,-1.5675616440247597,-0.054223538637295614,-1.386229985163439,0.2574708207709012,-0.8943799804439783,0.5947876227980755,-0.9842586853832653,0.46808807287735443,-1.3190669670325157,-0.5548426344237097,0.07247945471720002,-1.296029065549635,-1.4671076242172154,0.7227442908028099,-2.0881030243852434,-0.3797427183629497,-0.8265755168267047,-0.9690869267071612,0.6718078131268163,-0.11975136774413894,-0.25507842740149794,1.1429481929891925,1.2323391505530603,0.4914427052999172,-0.353945494524316,-1.1863817374792698,-1.459890555797,-0.04502272992485091,-0.6229888522890277,-1.1039087937941925,-1.8375296029776278,-0.23246345178598685,-1.1564779601101127,-0.17905233646315902,-1.860388992188927,-0.2655075538716863,-1.4948436330905124,-0.2673337514112554,-0.8622045762054413,-1.1678640902012656
329,"Estrus, Night",-1.5621721623839755,-0.1949648378692634,0.9367091425213734,-0.8091424379316939,-1.7707652412327495,-0.15633903103026967,1.310225976225585,-0.38184235248929443,-1.9621742485225395,0.3460043662916992,-1.0967028036625548,0.5282415415178991,-1.0590715685345828,0.0866398198904843,-1.4746354757184708,0.042384223857849894,-0.8367987917728013,0.5225649148922444,-1.1822916403734307,0.34482276757361685,-1.6071033613130064,0.051923818435085874,-1.3665134377458912,-0.32115859766019383,-1.8294893522990725,0.08336856426268362,-1.3072075534013066,-0.14485446218657033,-0.8265755168267047,-0.9690869267071612,-0.25486649253151045,0.4805981215009399,-0.25507842740149794,1.1429481929891925,-1.5258751139487647,-0.10785071085498293,-0.353945494524316,-1.1863817374792698,-1.6941787439083298,-0.18721493203097742,-0.6229888522890277,-1.1039087937941925,-1.4412200482354165,-0.02437011721228403,-1.5606247174715975,-0.03156497896353522,-0.15136639944675404,-0.4253588258003066,-1.4895956256290852,-0.25113242816266834,-0.8622045762054413,-1.1678640902012656
330,"Estrus, Night",-1.3043452007942002,-0.2867446329161764,-1.6852322252186414,-0.19530155769400748,0.06820250420059522,-0.12997033481574818,-0.1498826242904354,-0.2854792793521248,-1.3589557073969558,0.2440033101704882,-0.6851644361719104,0.10670913017830656,-1.5157555477590052,0.07522785560758576,-1.445138475768054,-0.058886369851625,-0.5394550796931691,0.37895715477645225,-0.9138465491570578,0.008203730772043652,-2.156368071136576,-0.5193082280612978,-1.8302511581446723,0.04671121208894799,-1.9616773462143602,0.5383820501990086,-1.9973862202859904,-0.3075795574853128,-0.8265755168267047,-0.9690869267071612,-1.1267426378663188,0.062449779823378695,-0.25507842740149794,1.1429481929891925,-0.34595019964873647,1.142563853816965,-0.353945494524316,-1.1863817374792698,-1.2957419878884284,-0.34034204824004155,-0.6229888522890277,-1.1039087937941925,-1.5971180813001962,-0.08986508389691412,-1.5907405528005232,-0.09024599761524696,-1.6423867765540514,-0.1293538286603493,-1.133604524166844,0.43102407673945464,-0.8622045762054413,-1.1678640902012656
331,"Estrus, Night",-1.670430646014856,-0.02272487722187051,-2.0483436274656013,-0.44405705487298075,-0.297848099259523,0.1026735085048384,-1.5213012372381671,-0.1500791871857876,-1.7052208473464523,0.3197187969240761,-1.0023272543311244,0.45473590728278024,-0.7685499064144962,-0.3054958899401121,-1.4613999059391793,-0.10579645478678736,-0.9380213725273825,0.3678936708412481,-1.4881668042589626,-0.0095129099975625,-1.663663104391151,-1.078106443387898,-1.6923580612657994,0.16294416407499182,-1.945418937711745,0.5204595927684502,-1.0651458505613394,-0.04592086419906968,-0.8265755168267047,-0.9690869267071612,-0.3031752405871604,0.35116399082937433,-0.25507842740149794,1.1429481929891925,-1.2248260011612557,-0.28725099463319004,-0.353945494524316,-1.1863817374792698,-1.6386413812174516,-0.18835202226637834,-0.6229888522890277,-1.1039087937941925,-0.5071963364392367,-0.13813276493685478,-1.1827235513149528,-0.2853938285992766,-2.077548310398068,-0.45538404193964793,0.13691963659780895,-0.2956063410214348,-0.8622045762054413,-1.1678640902012656
332,"Estrus, Night",-0.3762777577329968,-0.5944964226172207,-2.027813553694306,-0.47913122852006435,-1.5123033725688981,0.24044189947602052,-1.6649501007384873,-0.2652455738960821,-1.7755344818147551,0.16367614784201676,-0.47461212099485234,0.13248655778211793,-1.652483213790572,-0.09319176878280837,-1.5089243282357927,-0.18703439732384153,-1.2562528904717056,0.13174402867356247,-1.4249394458624658,0.03294565681937082,-1.793552643520532,-0.15942177866829535,-1.1063043188320334,0.08818594510596803,0.036014820220212,1.2813784680873714,-1.6550537278971353,-0.39728190011408837,-0.8265755168267047,-0.9690869267071612,-0.3235842417740502,-0.24358400232870842,-0.25507842740149794,1.1429481929891925,-1.556463903371024,0.20584808062528756,-0.353945494524316,-1.1863817374792698,-0.4920888921400613,-0.2451196140701623,-0.6229888522890277,-1.1039087937941925,-1.4723029983750269,-0.012474560384282357,-1.6297580558248803,0.02564768584165923,-0.37665622284164757,-0.6283263336251443,-1.4610197085133954,-0.2695965179436445,-0.8622045762054413,-1.1678640902012656
333,"Estrus, Night",-0.7831317445641149,0.0393394707725013,-0.4996503063733003,-0.7040754799936042,-1.6847407705115234,0.12787394621146517,-0.8842551304663191,-0.2322156193620873,-1.6462924165812913,0.41923976464416857,-0.35662377357239355,0.4363056492782418,-1.583409139846421,-0.2190232387454452,-0.6008195935175061,-0.06047035908849904,-0.5614420552026663,0.40660108089934055,-0.4985740222525219,-0.11512773728676419,-1.033785903701888,-0.8685376177051409,-1.5342924101887,-0.08946768478429243,-1.5471379798323104,0.18707654307881208,-0.9145414679285923,-0.20012633449287182,-0.8265755168267047,-0.9690869267071612,-1.3419497896493868,-0.02783864120595495,-0.25507842740149794,1.1429481929891925,-0.03847977490437316,1.2807705026248613,-0.353945494524316,-1.1863817374792698,-1.4353271103329044,0.15462429332935654,-0.6229888522890277,-1.1039087937941925,-1.2074398331018013,-0.16405830745240169,-1.3370499711443458,-0.11671394470177987,-1.7762471151130315,-0.02262921051983778,-1.3580946798609073,-0.19265358764222484,-0.8622045762054413,-1.1678640902012656
334,"Estrus, Night",-1.011954648119221,-0.15289667918109093,-1.7433994955243985,-0.28494293031205475,-1.1690921236857519,-0.037750398127013064,-1.306626797771039,-0.14902332364385207,-0.5363216563042472,0.2211614609557258,-1.1132284317665115,0.3733987118591121,-0.2860659436992169,-0.022975595567490372,-1.302586715999594,0.09694647364791775,-0.31831429368067626,0.2822692822584769,-1.219438201580224,-0.021855286695581826,-0.8557735814712419,0.11347922675049384,-1.4731436273143699,-0.0790959628882566,0.1366421172885827,0.6116464376623257,-0.8710935999328885,-0.29980657134963457,-0.8265755168267047,-0.9690869267071612,0.00041202782047533137,0.0003637702598221626,-0.25507842740149794,1.1429481929891925,-1.6840969494439397,0.18086714121380687,-0.353945494524316,-1.1863817374792698,-1.6034938596062267,-0.12486727419201397,-0.6229888522890277,-1.1039087937941925,-1.2796467899115704,-0.20217886218440953,-0.5880118597153806,-0.11037059966525485,-1.734515934946667,-0.39138061111394623,-0.6269776146104701,-0.23800490819269926,-0.8622045762054413,-1.1678640902012656
335,"Estrus, Night",-0.534401811323243,-0.18349319796169494,-0.13135687288887749,-0.7659281114438092,-0.9263609740440126,0.268979123411974,-0.1707449088175633,-0.1268062771803791,-1.1619064403550683,0.12025036351633706,0.029783112675768334,0.0698868507279763,-0.9693373435491136,0.11774392191212303,0.09932963979913062,-0.13777533495293504,-0.2935171117761224,0.6478016926776768,0.6558548049148183,-0.6651244057489255,0.3386540359916632,-0.253238548667909,-0.8209994516586894,0.015920879376266493,-0.39148982860254183,-0.12157070382771813,-1.308476631228064,-0.2269644140503692,-0.8265755168267047,-0.9690869267071612,-1.526305097545606,-0.07399362915909352,-0.25507842740149794,1.1429481929891925,0.9151673725271328,0.8325189448047269,-0.353945494524316,-1.1863817374792698,-0.25704731597441005,-0.15986052063824843,-0.6229888522890277,-1.1039087937941925,-0.9529568543500377,-0.30230996133571425,-0.9672849095876078,-0.14686144966404813,-0.7639143130131795,-0.30995122605435294,-1.0243591963498535,-0.4503971566378217,-0.8622045762054413,-1.1678640902012656
336,"Non-estrus, Day",0.7477610092163485,-1.1798720878274973,2.032537763087074,-1.8197358685276248,-1.4817098768196133,0.4382569476019847,-1.0918776461326667,0.3576712150922833,-1.022635153937931,-0.5838337447121794,0.03676909135732894,0.46648387806398256,0.529411741007259,-0.3642543909582114,-1.2551047358874632,0.4325258085419968,-0.9355845250683389,0.5850796119019596,0.970567934138767,-0.7104036639040756,0.9838609218548056,-1.5865564524695384,1.1678344312036868,0.7722570094019707,-0.5391739873142858,-0.33664921140765586,0.7910324387258361,-1.4406059193850471,-0.8265755168267047,-0.9690869267071612,-2.1048005720342293,0.11568929811374587,-0.25507842740149794,1.1429481929891925,3.9208652185877595,2.0993320981846435,-0.353945494524316,-1.1863817374792698,-1.6315871163352427,0.006942389835257536,-0.6229888522890277,-1.1039087937941925,-0.08225888748309035,1.0752379842527278,-0.4486534506792223,0.8046424026742508,-1.9555694985955843,-0.0791788583670831,3.497191776097065,-2.134508095160885,-0.8622045762054413,-1.1678640902012656
